Time,header.seq,header.stamp.secs,header.stamp.nsecs,header.frame_id,lat,lon,x,y
1660221921.1702685,3,1660221921,168015956,,59.299963511643575,18.730872136945663,1.0,0.0
1660221922.17751,4,1660221922,176501035,,59.29996247969772,18.730873707486353,1.0,0.0
1660221923.169054,5,1660221923,167876958,,59.29996149530583,18.730872086931186,1.0,0.0
1660221924.1687508,6,1660221924,167574882,,59.2999593128514,18.73085318111407,1.0,0.0
1660221925.1712499,7,1660221925,169025897,,59.29995952187936,18.730848371313414,1.0,0.0
1660221926.171443,8,1660221926,169621944,,59.299960864128536,18.73087872373378,1.0,0.0
1660221927.1765308,9,1660221927,175755023,,59.29995802870039,18.730881457618807,1.0,0.0
1660221928.1807146,10,1660221928,180428981,,59.299959066911285,18.73090221998575,1.0,0.0
1660221929.1666486,11,1660221929,166112899,,59.29995772954342,18.730870469086085,1.0,0.0
1660221930.1686869,12,1660221930,167865991,,59.29995563021101,18.730878662315035,1.0,0.0
1660221931.1688275,13,1660221931,168598890,,59.299958223589904,18.730894619216656,1.0,0.0
1660221932.1637318,14,1660221932,162779092,,59.29995971389007,18.730909795486127,1.0,0.0
1660221933.1642609,15,1660221933,163130044,,59.299956452678515,18.730896678597674,1.0,0.0
1660221934.171109,16,1660221934,170953989,,59.299958187275394,18.7309248139062,1.0,0.0
1660221935.1691306,17,1660221935,168359994,,59.299957775857635,18.730922620390402,1.0,0.0
1660221936.1680644,18,1660221936,166841030,,59.299956947661954,18.73092161738566,1.0,0.0
1660221937.170042,19,1660221937,167983055,,59.29995595760332,18.730919013287235,1.0,0.0
1660221938.1705046,20,1660221938,169821023,,59.29995728970569,18.730932332360567,1.0,0.0
1660221939.1670513,21,1660221939,165735006,,59.29995963136418,18.730939806291985,1.0,0.0
1660221940.1722548,22,1660221940,170332908,,59.299961937867586,18.730944684651377,1.0,0.0
1660221941.1714902,23,1660221941,170137882,,59.299965547299635,18.730959444499945,1.0,0.0
1660221942.174302,24,1660221942,173196077,,59.29996456639162,18.7309630877387,1.0,0.0
1660221943.168534,25,1660221943,167965888,,59.29996137461123,18.73094471357024,1.0,0.0
1660221944.1662545,26,1660221944,164761066,,59.29996804834905,18.73095489848015,1.0,0.0
1660221945.1702433,27,1660221945,169656038,,59.299962799538925,18.73093482738659,1.0,0.0
1660221946.170316,28,1660221946,169158935,,59.29996060256637,18.73092795669072,1.0,0.0
1660221947.1690166,29,1660221947,168698072,,59.299960906624264,18.730925964521816,1.0,0.0
1660221948.1730728,30,1660221948,169812917,,59.29996160048645,18.73092638633625,1.0,0.0
1660221949.1736832,31,1660221949,171855926,,59.29996221366048,18.730925896141798,1.0,0.0
1660221950.1687486,32,1660221950,166862010,,59.29996346071454,18.73093003767042,1.0,0.0
1660221951.1771567,33,1660221951,172724008,,59.29996218154124,18.730930504057255,1.0,0.0
1660221952.1796458,34,1660221952,178777933,,59.29996282078646,18.730945492408637,1.0,0.0
1660221953.1678565,35,1660221953,166332006,,59.29996058052381,18.730953925046947,1.0,0.0
1660221954.1660748,36,1660221954,165050983,,59.29996229225783,18.730934032858386,1.0,0.0
1660221955.165284,37,1660221955,164664030,,59.29996503568228,18.730945584277038,1.0,0.0
1660221956.169752,38,1660221956,168849945,,59.29996237259517,18.730951320050053,1.0,0.0
1660221957.177138,39,1660221957,174943923,,59.29995967444906,18.73095400984971,1.0,0.0
1660221958.1756315,40,1660221958,171077966,,59.29995781160115,18.730924830901586,1.0,0.0
1660221959.1731539,41,1660221959,170828104,,59.29995679194204,18.730919941191132,1.0,0.0
1660221960.1687627,42,1660221960,166805982,,59.299956880352134,18.730924596694877,1.0,0.0
1660221961.1732135,43,1660221961,171087026,,59.29996022955625,18.73093067314562,1.0,0.0
1660221962.1732054,44,1660221962,171489953,,59.29996090240966,18.730932294245804,1.0,0.0
1660221963.170102,45,1660221963,169487953,,59.299962252056204,18.73093423433602,1.0,0.0
1660221964.1748657,46,1660221964,174104928,,59.29996328294917,18.730942293312182,1.0,0.0
1660221965.1700273,47,1660221965,168781995,,59.29996465370935,18.73094793324492,1.0,0.0
1660221966.1689446,48,1660221966,167589902,,59.29996565520832,18.730955011697233,1.0,0.0
1660221967.1817024,49,1660221967,178982973,,59.299963137716624,18.730960562006544,1.0,0.0
1660221968.1787775,50,1660221968,178330898,,59.29996733457286,18.730983138225838,1.0,0.0
1660221969.1735947,51,1660221969,171998023,,59.29996595775703,18.73098747847655,1.0,0.0
1660221970.170703,52,1660221970,168446063,,59.29996349188972,18.730973869973695,1.0,0.0
1660221971.179609,53,1660221971,178599119,,59.299963286436096,18.730980005216338,1.0,0.0
1660221972.1719465,54,1660221972,169708013,,59.29996537624525,18.730982188322514,1.0,0.0
1660221973.1697896,55,1660221973,167695999,,59.29996622335164,18.730994234394075,1.0,0.0
1660221974.1872272,56,1660221974,185992002,,59.29996702144675,18.730995860184635,1.0,0.0
1660221975.1704175,57,1660221975,169087886,,59.29996635608429,18.730997831933564,1.0,0.0
1660221976.1728282,58,1660221976,170820951,,59.29996526936431,18.730974842514456,1.0,0.0
1660221977.1741438,59,1660221977,172802925,,59.29997133527362,18.730989707907952,1.0,0.0
1660221978.1672244,60,1660221978,165630102,,59.29997994976558,18.73102914717765,1.0,0.0
1660221979.1675217,61,1660221979,166313886,,59.29998366436718,18.731040583242134,1.0,0.0
1660221980.171713,62,1660221980,170905113,,59.29999123109898,18.73106315428754,1.0,0.0
1660221981.1650777,63,1660221981,164160966,,59.29999618442733,18.73107991525353,1.0,0.0
1660221982.1667023,64,1660221982,165411949,,59.3000014841335,18.731093558678708,1.0,0.0
1660221983.1680894,65,1660221983,167289018,,59.300001774874545,18.73109017199249,1.0,0.0
1660221984.1754885,66,1660221984,173552989,,59.29999612792875,18.731070417494266,1.0,0.0
1660221985.1654055,67,1660221985,164855957,,59.299992616940486,18.731055463309758,1.0,0.0
1660221986.1704192,68,1660221986,168242931,,59.29999683414229,18.73106657223775,1.0,0.0
1660221987.1698527,69,1660221987,168987035,,59.29999894479066,18.73107374318397,1.0,0.0
1660221988.1675873,70,1660221988,166212081,,59.29999968283815,18.731069729313276,1.0,0.0
1660221989.1693566,71,1660221989,167951107,,59.300004629918604,18.731087970667886,1.0,0.0
1660221990.1677089,72,1660221990,166466951,,59.30000481945502,18.73107977926054,1.0,0.0
1660221991.1705687,73,1660221991,168538093,,59.3000109856065,18.731089496634695,1.0,0.0
1660221992.1643777,74,1660221992,163978099,,59.30000700025927,18.731076294790228,1.0,0.0
1660221993.1778202,75,1660221993,176573038,,59.30000501569318,18.731081147470377,1.0,0.0
1660221994.169125,76,1660221994,168014049,,59.30000561789342,18.73109108150402,1.0,0.0
1660221995.1745663,77,1660221995,173187971,,59.30000581374248,18.73109525179791,1.0,0.0
1660221996.165469,78,1660221996,165033102,,59.30000847320413,18.73110214929079,1.0,0.0
1660221997.166328,79,1660221997,164752960,,59.30000990308879,18.731106277295794,1.0,0.0
1660221998.1665626,80,1660221998,165780067,,59.30001064888008,18.731108587968265,1.0,0.0
1660221999.1732535,81,1660221999,170416116,,59.300010901320654,18.731112271620646,1.0,0.0
1660222000.167704,82,1660222000,167099952,,59.30000716095512,18.731105577465314,1.0,0.0
1660222001.1763759,83,1660222001,173103094,,59.30000617740233,18.73109257049248,1.0,0.0
1660222002.1662228,84,1660222002,165163040,,59.30000807537669,18.73109031792933,1.0,0.0
1660222003.173149,85,1660222003,171353101,,59.30000904558192,18.731087920778464,1.0,0.0
1660222004.1687398,86,1660222004,166850090,,59.30000848603035,18.73109473823979,1.0,0.0
1660222005.1710832,87,1660222005,169591903,,59.30000913994547,18.731104119630572,1.0,0.0
1660222006.1783779,88,1660222006,177922010,,59.30001018315335,18.731104573863718,1.0,0.0
1660222007.1759012,89,1660222007,175210952,,59.30001256346386,18.731115108870313,1.0,0.0
1660222008.176553,90,1660222008,175158023,,59.30001570541975,18.73113004589345,1.0,0.0
1660222009.166572,91,1660222009,165602922,,59.30001553747332,18.731110779858454,1.0,0.0
1660222010.174434,92,1660222010,172197103,,59.30001643952169,18.731113254590355,1.0,0.0
1660222011.1722882,93,1660222011,171226978,,59.300017538053616,18.73112221866029,1.0,0.0
1660222012.169341,94,1660222012,168382883,,59.30001997471166,18.73113327676674,1.0,0.0
1660222013.1710324,95,1660222013,169692039,,59.300022817908236,18.731148945489963,1.0,0.0
1660222014.165871,96,1660222014,165457010,,59.30002496798334,18.731166164711,1.0,0.0
1660222015.1692188,97,1660222015,168407917,,59.30002599024924,18.731175949823182,1.0,0.0
1660222016.1794937,98,1660222016,178229093,,59.30002707479206,18.731191079237988,1.0,0.0
1660222017.1690073,99,1660222017,166475057,,59.30002744525157,18.731200187617333,1.0,0.0
1660222018.1700482,100,1660222018,166551113,,59.30002477559628,18.731178295203563,1.0,0.0
1660222019.1764565,101,1660222019,175570964,,59.300022890767174,18.731151234840354,1.0,0.0
1660222020.1668134,102,1660222020,165925979,,59.3000268767011,18.73116346655206,1.0,0.0
1660222021.1708653,103,1660222021,169512033,,59.300027574638044,18.73116562250118,1.0,0.0
1660222022.1656618,104,1660222022,165056943,,59.300029865732505,18.731185128215202,1.0,0.0
1660222023.1671705,105,1660222023,166265964,,59.30002995323278,18.731183187390798,1.0,0.0
1660222024.169145,106,1660222024,166642904,,59.30002969871436,18.731177485896637,1.0,0.0
1660222025.1667802,107,1660222025,165965080,,59.3000336897983,18.731198740856826,1.0,0.0
1660222026.1681085,108,1660222026,166256904,,59.30003237925077,18.731192477805507,1.0,0.0
1660222027.1690373,109,1660222027,167845010,,59.30003185919193,18.731208749955158,1.0,0.0
1660222028.1689732,110,1660222028,167368888,,59.30003234095143,18.731216395344745,1.0,0.0
1660222029.1661217,111,1660222029,165384054,,59.30003214251349,18.73122226359783,1.0,0.0
1660222030.166569,112,1660222030,165875911,,59.30003353628423,18.731238829898984,1.0,0.0
1660222031.1721473,113,1660222031,170531034,,59.300037550834475,18.731250553855716,1.0,0.0
1660222032.175487,114,1660222032,174530982,,59.30003945717165,18.73125794679231,1.0,0.0
1660222033.1825051,115,1660222033,181708097,,59.300039255100174,18.731246011959115,1.0,0.0
1660222034.166558,116,1660222034,166003942,,59.300040222159446,18.731252003104146,1.0,0.0
1660222035.1693554,117,1660222035,168088912,,59.300038957584526,18.73126000571301,1.0,0.0
1660222036.1714404,118,1660222036,171087980,,59.300038072352656,18.731262532366145,1.0,0.0
1660222037.1705015,119,1660222037,168680906,,59.30004045301968,18.731264265581217,1.0,0.0
1660222038.1738214,120,1660222038,172815084,,59.30003929157801,18.73127051313861,1.0,0.0
1660222039.1626678,121,1660222039,162194013,,59.300039812300284,18.731284673502387,1.0,0.0
1660222040.1948159,122,1660222040,193550109,,59.30003813269923,18.731288163976387,0.9999034291174312,0.0031060847254248867
1660222041.1937542,123,1660222041,192615032,,59.30003726498618,18.731289822094027,0.9992099359112339,-0.005376555325235147
1660222042.1843743,124,1660222042,182284116,,59.30003713958719,18.73128991517399,0.9960142621687602,-0.02280098403745593
1660222043.1778767,125,1660222043,177551031,,59.30003353463859,18.731308070900468,0.9900264039433482,-0.04575312749210391
1660222044.189889,126,1660222044,188796043,,59.3000341282174,18.731301582783658,0.9805574413377173,-0.07342227911940954
1660222045.1883376,127,1660222045,186913967,,59.30003366777484,18.731288888765903,0.9688218365536548,-0.10305712260210848
1660222046.1885235,128,1660222046,186283111,,59.30003315175662,18.731277588351986,0.9557092748720687,-0.13328639413154814
1660222047.1754293,129,1660222047,174391031,,59.30003380578217,18.731273425747077,0.9419087229596473,-0.1632966673719522
1660222048.1750667,130,1660222048,174727916,,59.30003304976774,18.731289488947823,0.9278963983838682,-0.19262193574636344
1660222049.177548,131,1660222049,176839113,,59.300028217669784,18.73132037313303,0.9135815832259118,-0.22134280493888792
1660222050.1874993,132,1660222050,186057090,,59.30002561580271,18.731340358384614,0.89918903748938,-0.24927762395376957
1660222051.1982107,133,1660222051,196535110,,59.30002320236924,18.731368336095784,0.8852200243543404,-0.27605138675693397
1660222052.2068856,134,1660222052,205682992,,59.3000224166742,18.731384708511882,0.872258844936456,-0.3012401133105901
1660222053.178404,135,1660222053,177510023,,59.300023321802804,18.73139253579643,0.8603656220608362,-0.32482858504201034
1660222054.1932886,136,1660222054,192357063,,59.30002465142501,18.731398389526134,0.8492767615729164,-0.3470645790298127
1660222055.1999128,137,1660222055,198369026,,59.30002388017662,18.731423501357767,0.8388091605980771,-0.36813322940764426
1660222056.192043,138,1660222056,191102027,,59.30002449165964,18.731428756041055,0.829446358008333,-0.3876567190841034
1660222057.1821554,139,1660222057,181531906,,59.30002437868936,18.731440293168134,0.8210135846004377,-0.4058023856276891
1660222058.1936119,140,1660222058,192825078,,59.30002450522988,18.73144890883259,0.8135194757898868,-0.42257918666190525
1660222059.1766517,141,1660222059,175713062,,59.300025643951415,18.73146694172692,0.8068986006359787,-0.43805965585372
1660222060.1760206,142,1660222060,175050973,,59.30002790528256,18.73147571404479,0.8011164780983587,-0.45228716348284154
1660222061.197128,143,1660222061,196239948,,59.300028055681075,18.731472484210713,0.7959437331932948,-0.465494178809585
1660222062.1956627,144,1660222062,194448947,,59.300028103741944,18.731480049521792,0.7911634247041663,-0.47791006027035604
1660222063.1772335,145,1660222063,176752090,,59.300027984580744,18.731473306867883,0.7867036223415254,-0.4896250122172175
1660222064.1781857,146,1660222064,177333116,,59.30003051169717,18.73149986309386,0.7824409016398508,-0.5007797338873269
1660222065.2040489,147,1660222065,202261924,,59.30002823110918,18.731472831158158,0.778443791969798,-0.5113249980956711
1660222066.1922026,148,1660222066,191246986,,59.30002281555534,18.731416899343913,0.7745340742567738,-0.521453661168362
1660222067.1723912,149,1660222067,172103881,,59.30002372372647,18.731411412117723,0.7702760419791298,-0.5316012858045589
1660222068.1940787,150,1660222068,192303895,,59.30002435310939,18.73141280868026,0.7657880677195792,-0.5416578567288688
1660222069.2017777,151,1660222069,199789047,,59.30002660873024,18.731420487379182,0.7611954672314136,-0.551514447842068
1660222070.1774092,152,1660222070,176428079,,59.3000294351812,18.731425539264706,0.7560433640491442,-0.5615829181411399
1660222071.1870487,153,1660222071,185780048,,59.300030886055346,18.731433124521118,0.7509329789098889,-0.5713356016922064
1660222072.178815,154,1660222072,178391933,,59.30002787347758,18.731447349113523,0.7458626438974292,-0.580785778788872
1660222073.1881046,155,1660222073,187118053,,59.300027535362226,18.731458810782897,0.7409588305513756,-0.5898375914941645
1660222074.1829731,156,1660222074,181647062,,59.30002690583286,18.73148549070652,0.7362761682788277,-0.598457241654492
1660222075.1948276,157,1660222075,191689968,,59.3000278530045,18.73147308674106,0.7317741479244927,-0.6066912708548774
1660222076.192709,158,1660222076,191423892,,59.300028768823765,18.731482811918795,0.7272405059810758,-0.6147295203288542
1660222077.1796865,159,1660222077,178205966,,59.300028887469296,18.731458895932633,0.7229113681410145,-0.6223843730343966
1660222078.1986964,160,1660222078,197297096,,59.3000325321442,18.731478441167383,0.7187750537651975,-0.6296761899891787
1660222079.1727257,161,1660222079,172163009,,59.30004160430403,18.731505975177015,0.7148667875624527,-0.6365857124042755
1660222080.1894643,162,1660222080,189004898,,59.30005228590879,18.731538366450877,0.7110723391707002,-0.6432176847554416
1660222081.2117753,163,1660222081,210501909,,59.300057815359345,18.731542794118468,0.7074616260584156,-0.6495230310825326
1660222082.2051651,164,1660222082,203413963,,59.300053259845846,18.731521276921967,0.7042283195507764,-0.6553487708147196
1660222083.1866999,165,1660222083,185914993,,59.30005861915016,18.731533651899895,0.7014517640556622,-0.6606336623667078
1660222084.1742315,166,1660222084,173666954,,59.30006424567561,18.731546988034665,0.6992719834699804,-0.6652591592684479
1660222085.1740344,167,1660222085,173538923,,59.30006814258267,18.731553556940185,0.6976861646403777,-0.669224198555947
1660222086.180861,168,1660222086,180038928,,59.300073531302864,18.73157131297819,0.6967792476702522,-0.6724445491597875
1660222087.1832929,169,1660222087,182790994,,59.30007412853311,18.73157520608038,0.6965194893335062,-0.6749371198805514
1660222088.201762,170,1660222088,200766086,,59.300074863871146,18.731573811581598,0.6968802130413877,-0.6767134432427221
1660222089.1815946,171,1660222089,180840969,,59.30007733315502,18.73157719261087,0.6978504329988078,-0.6777681836010809
1660222090.1943793,172,1660222090,193671941,,59.30008183353679,18.73158458708076,0.6994379071192425,-0.6780734859568256
1660222091.1792674,173,1660222091,178627967,,59.300083543833196,18.731587650847473,0.7016698442365213,-0.677574524639386
1660222092.1906583,174,1660222092,189491987,,59.30008601413305,18.731585675191127,0.7044899017239405,-0.6763044003430541
1660222093.1995263,175,1660222093,193377971,,59.30008514031245,18.731587033335245,0.7079295885396504,-0.674192193398104
1660222094.1779134,176,1660222094,176624059,,59.300079467032184,18.731589409308867,0.711917170766479,-0.6712867342220658
1660222095.1714015,177,1660222095,170881032,,59.30008037112319,18.73159376003764,0.7161836761275875,-0.6679050406084319
1660222096.1734772,178,1660222096,172893047,,59.30008554079089,18.731591340717387,0.7206857132051326,-0.6640902799675639
1660222097.2129035,179,1660222097,211031913,,59.300100555754454,18.73157197099681,0.7255496247659892,-0.6596492404474703
1660222098.1967995,180,1660222098,195849895,,59.3001168181598,18.731548194241213,0.7314308876396894,-0.6535487481241149
1660222099.1763875,181,1660222099,176069021,,59.30010659059085,18.73150198582175,0.7390698407862174,-0.6442257944048031
1660222100.18017,182,1660222100,179701089,,59.300109771211375,18.731490960476094,0.7482545811698244,-0.6312827041045611
1660222101.2110736,183,1660222101,207068920,,59.300113308519094,18.731483348217125,0.7584792234781529,-0.6149067501354027
1660222102.1978433,184,1660222102,196089982,,59.300116138176314,18.73150179212962,0.7692386683698293,-0.5955599201560875
1660222103.1758397,185,1660222103,175220966,,59.30012186265968,18.731487482388616,0.7798501965831142,-0.5753629138400941
1660222104.1802914,186,1660222104,179418087,,59.300114920016284,18.731497769024372,0.7902724751208146,-0.5542222638484372
1660222105.1980782,187,1660222105,197293043,,59.30011713235228,18.731507363070932,0.8003029433282427,-0.5332478376396403
1660222106.190927,188,1660222106,188893079,,59.30011845766559,18.731522489091844,0.8098493428130037,-0.5131924945348044
1660222107.1966305,189,1660222107,195533037,,59.300120428024755,18.73151838695003,0.818859395754948,-0.4945685293700611
1660222108.1898403,190,1660222108,188744068,,59.30012064521736,18.7315211391076,0.8273776665346202,-0.4771603270464763
1660222109.2043965,191,1660222109,203458070,,59.30012233157645,18.731512514493488,0.8354252671256746,-0.46091881364519643
1660222110.1970754,192,1660222110,195657968,,59.30012069696864,18.7314994018152,0.843049892387925,-0.44562182047762305
1660222111.1763873,193,1660222111,175844907,,59.30012515960765,18.731505215007928,0.8503301800121446,-0.4308507254361151
1660222112.2011676,194,1660222112,199392080,,59.300125452079996,18.731505123761053,0.857212007418409,-0.41704151705297077
1660222113.194712,195,1660222113,193479061,,59.300124519081656,18.731509904716518,0.8637016664698111,-0.40422386059125964
1660222114.1949966,196,1660222114,193147897,,59.30012617909296,18.731509072827293,0.8697878061943145,-0.3925183468029343
1660222115.1967392,197,1660222115,196161031,,59.30012301714884,18.731511984726353,0.875484210703366,-0.3818789520408556
1660222116.1710186,198,1660222116,170450925,,59.30012401816875,18.731507712102484,0.8808112299658555,-0.37222265416518013
1660222117.1774168,199,1660222117,176887989,,59.30012376341826,18.731519883960345,0.8858054986752819,-0.3633883014227456
1660222118.1771305,200,1660222118,176422119,,59.30012438094799,18.73152022502279,0.8904573014537925,-0.3554498701364485
1660222119.1733367,201,1660222119,172724008,,59.30012147998283,18.731545653233297,0.8947888766181084,-0.3483189775020922
1660222120.193232,202,1660222120,192161083,,59.30011783552423,18.731567654683886,0.8987760060847636,-0.3421155686905706
1660222121.188698,203,1660222121,186506032,,59.30012050318313,18.73153488527464,0.9024272346354222,-0.336800002123532
1660222122.1883101,204,1660222122,187167882,,59.30012059350592,18.731534320000378,0.9058938446604456,-0.3317586884086842
1660222123.1922083,205,1660222123,190808057,,59.300115316852484,18.73154586246119,0.909211902427213,-0.3268669301778411
1660222124.1792822,206,1660222124,178545951,,59.300111070960284,18.731544031512954,0.9123646692963486,-0.32221721595241704
1660222125.176816,207,1660222125,176094055,,59.30010924942657,18.731539220476066,0.9153850560007776,-0.317694479594574
1660222126.169444,208,1660222126,168664932,,59.3001086736799,18.731526075901456,0.9183065654708068,-0.31317679874662374
1660222127.171732,209,1660222127,171065092,,59.30010031891227,18.731534694909897,0.9212062334021216,-0.3083390560512538
1660222128.1775262,210,1660222128,176400899,,59.300100815043145,18.731543710472806,0.9240276681509788,-0.3034375617280997
1660222129.1864424,211,1660222129,185445070,,59.30009662606575,18.73155063012007,0.9267308753859012,-0.29867438260421186
1660222130.1912732,212,1660222130,189882040,,59.30009264712462,18.731551234345034,0.9293146590836884,-0.29407514752079505
1660222131.2012815,213,1660222131,200675964,,59.30009282120142,18.73155173876637,0.9317695976486154,-0.2897042454190342
1660222132.1701925,214,1660222132,169877052,,59.30009322574737,18.731521887638223,0.9340957547687593,-0.28558041755878516
1660222133.1996348,215,1660222133,199016094,,59.30009197273822,18.73151437026968,0.9363231158906606,-0.28157976269444907
1660222134.1891475,216,1660222134,188471078,,59.30009488273955,18.73152296992032,0.938460328432865,-0.27767759766360933
1660222135.180767,217,1660222135,180207014,,59.30009789135675,18.73151693509749,0.9405128629518807,-0.2738632465707404
1660222136.1711323,218,1660222136,170711994,,59.30011051580713,18.731505823913494,0.942490739971467,-0.27010260714551204
1660222137.1728275,219,1660222137,172441959,,59.3000873384155,18.731497237683698,0.9444767413757953,-0.26598656714764385
1660222138.1746478,220,1660222138,172929048,,59.300086476242306,18.731492010815032,0.946396646524223,-0.2619009568718872
1660222139.1894574,221,1660222139,188930034,,59.30008705516753,18.731478705253494,0.9482498725402235,-0.2578618647080346
1660222140.1722257,222,1660222140,171499013,,59.30008673167101,18.731465940825046,0.9500471066821593,-0.25382330098617223
1660222141.1752071,223,1660222141,174612998,,59.30008854606374,18.73145385050816,0.9517942543301552,-0.24976268957007566
1660222142.174267,224,1660222142,173947095,,59.30008993715605,18.731440048194372,0.95349971526986,-0.2456403099411863
1660222143.1896443,225,1660222143,188247919,,59.300092634997036,18.731428732610084,0.9551770019876376,-0.2413803391295188
1660222144.1714432,226,1660222144,171034097,,59.30009227019796,18.731428118075655,0.9568529330158563,-0.23680814915958973
1660222145.1744978,227,1660222145,173624038,,59.3000934051696,18.73142089023827,0.9585059007300306,-0.23205181952687853
1660222146.170942,228,1660222146,170480966,,59.30009424529026,18.731418548381043,0.9601345142989333,-0.22711332203181533
1660222147.1808946,229,1660222147,180167913,,59.30009535160751,18.7314103328589,0.9617281253715415,-0.22206690236392257
1660222148.1696913,230,1660222148,169157981,,59.30009306757125,18.73141366919276,0.9632924543981152,-0.21686308982474312
1660222149.1756897,231,1660222149,175179004,,59.300088936573445,18.731422095885478,0.9648141091726904,-0.21161223617854552
1660222150.1894884,232,1660222150,188021898,,59.30009252404607,18.731412750319123,0.966260882199461,-0.20661324436406373
1660222151.1976118,233,1660222151,196237087,,59.300094860380455,18.73140621554353,0.9676493877604232,-0.20173748455631343
1660222152.2094169,234,1660222152,208977937,,59.30009136807402,18.73141338219739,0.9689975199050829,-0.19683397518134418
1660222153.2014806,235,1660222153,200448036,,59.30009595025452,18.731401299646564,0.9702744966251209,-0.1922114831658001
1660222154.1721234,236,1660222154,171869993,,59.300083143290756,18.73143091199438,0.971526124452105,-0.18743926356262416
1660222155.1720502,237,1660222155,171565055,,59.30008519937569,18.731420286478283,0.9727037605655682,-0.1830216138605632
1660222156.1702988,238,1660222156,169819116,,59.3000923545951,18.731399012870725,0.9738061904980312,-0.1789861327991844
1660222157.1717603,239,1660222157,171252965,,59.30009256675492,18.73139562963229,0.9748699155655297,-0.1749902130589394
1660222158.1732717,240,1660222158,172933101,,59.30009157818293,18.731386102759984,0.9759013155984605,-0.17097987395632297
1660222159.1702006,241,1660222159,169714927,,59.300096330927154,18.731379458363108,0.9768924509006109,-0.16704977426198273
1660222160.1915462,242,1660222160,188673019,,59.30010197220339,18.73137144845532,0.9778473193890019,-0.16317061683687922
1660222161.1745865,243,1660222161,173696041,,59.300104097017005,18.731364518527926,0.9787841293776904,-0.15914164085395885
1660222162.1775005,244,1660222162,176791906,,59.30010884343515,18.731357119240215,0.9797051343248256,-0.15492077582179598
1660222163.189147,245,1660222163,187551021,,59.30012168940985,18.731358810327038,0.9806035329574719,-0.15058368540717007
1660222164.1704361,246,1660222164,170139074,,59.30011913364638,18.731359614691087,0.9814996823633615,-0.145767795586983
1660222165.1765547,247,1660222165,176229953,,59.30011902944952,18.731374731424467,0.9823713770312713,-0.1407879287640621
1660222166.1716542,248,1660222166,171348094,,59.30012075817171,18.73137010584719,0.9831978977611787,-0.13609118609857868
1660222167.17128,249,1660222167,171019077,,59.300120371451186,18.731364118831834,0.983983654725892,-0.13161726211511673
1660222168.1735427,250,1660222168,173084020,,59.30012087422149,18.731360336372745,0.9847320906006846,-0.12732449758271325
1660222169.1762733,251,1660222169,175683021,,59.30012268439759,18.73135629786634,0.9854480517730388,-0.12313569773065884
1660222170.1724162,252,1660222170,171879053,,59.3001215140999,18.73134919549102,0.9861407458104958,-0.11884683124266528
1660222171.1774285,253,1660222171,176959037,,59.300121337543395,18.73134314502829,0.9868140649972015,-0.11430590553921446
1660222172.1711316,254,1660222172,170591115,,59.30011373320624,18.731342844035908,0.9874682071852953,-0.10930854454553325
1660222173.184643,255,1660222173,183640956,,59.30011111388958,18.731341030125805,0.9880939557790139,-0.10413312420489447
1660222174.1729934,256,1660222174,172337055,,59.300106066313205,18.731336406617515,0.9886889914479982,-0.0987632070517873
1660222175.1931627,257,1660222175,191555023,,59.30010166152828,18.73133207789033,0.9892511230235491,-0.09324034718973684
1660222176.171826,258,1660222176,171439886,,59.30010451394813,18.731336993009336,0.9897828087506552,-0.08781952879197107
1660222177.187781,259,1660222177,187055110,,59.30008986517359,18.73134791982511,0.9902804406165966,-0.08227851118762262
1660222178.1701598,260,1660222178,169888019,,59.30008770969928,18.731359970163453,0.9907565170670393,-0.07716957113956531
1660222179.1722982,261,1660222179,171880960,,59.30010338735576,18.731354035107415,0.9912166473309975,-0.07285900399443634
1660222180.1961732,262,1660222180,187812089,,59.300103642927986,18.731352692302835,0.9916554916997776,-0.06903625845971395
1660222181.1743665,263,1660222181,173644065,,59.30010827930356,18.73134971215063,0.9920722241066074,-0.06580648286482368
1660222182.1678162,264,1660222182,167301893,,59.300107197958305,18.73134854566365,0.9924663592262646,-0.06299088224343863
1660222183.170633,265,1660222183,170336961,,59.30010577478812,18.73134717120206,0.9928383309709368,-0.060527637784911326
1660222184.1700804,266,1660222184,169483900,,59.30011020953285,18.73134520396934,0.9931883603967784,-0.05839866198758976
1660222185.1713972,267,1660222185,170958995,,59.30010964515774,18.73134482760497,0.9935184244559201,-0.05650424411251226
1660222186.178382,268,1660222186,177367925,,59.30009887532255,18.731351676116674,0.993830417411707,-0.05477832080186605
1660222187.1744828,269,1660222187,173918962,,59.30009931636982,18.73134847442975,0.9941207819388678,-0.053385187837372026
1660222188.171677,270,1660222188,170943975,,59.30010767690253,18.731338105907298,0.9943899460074997,-0.05229043425986846
1660222189.1709228,271,1660222189,170361042,,59.300112648307,18.731331861269837,0.994642547889897,-0.05134603328118248
1660222190.1697543,272,1660222190,169048070,,59.3001209300169,18.731322684038332,0.9948805585243634,-0.05050653524212391
1660222191.174842,273,1660222191,174360990,,59.30012373873374,18.731317098237923,0.9951106877976039,-0.04958857035706636
1660222192.173918,274,1660222192,173438072,,59.300122531857,18.73131493255005,0.995336056966615,-0.048490908620116666
1660222193.1691937,275,1660222193,168782949,,59.30013393984743,18.731299994946994,0.9955550553457523,-0.04725786461506687
1660222194.1693976,276,1660222194,168869972,,59.30013695802786,18.73129619798374,0.9957670771332671,-0.045906129116827656
1660222195.1904433,277,1660222195,189640998,,59.30013735698198,18.73129387003314,0.9959724788065623,-0.04440101758044427
1660222196.2128367,278,1660222196,207509040,,59.300139223283644,18.731289808083716,0.9961711084405704,-0.042705023018545646
1660222197.1695251,279,1660222197,168848037,,59.30013841816512,18.73129225990374,0.9963620200606254,-0.04080063006568962
1660222198.1715002,280,1660222198,171231985,,59.30014120124779,18.73128872487723,0.9965439187832464,-0.038765836383484055
1660222199.1681364,281,1660222199,167656898,,59.30015459121213,18.731259481344523,0.9967166751388244,-0.03675847558654595
1660222200.1711233,282,1660222200,170689105,,59.30016199127465,18.731244405390726,0.9968805632426835,-0.03508732663331842
1660222201.168241,283,1660222201,167536973,,59.300166814117475,18.731226514694868,0.9970338034654532,-0.0338556017159036
1660222202.1715133,284,1660222202,171092987,,59.300147728274005,18.731255516937836,0.9971718103947187,-0.033177801234084474
1660222203.1721773,285,1660222203,171515941,,59.300147712022245,18.7312418732198,0.9972796148288807,-0.03335177104457044
1660222204.1838086,286,1660222204,183304071,,59.30014155772996,18.73124723136368,0.9973574260126941,-0.03409611518093324
1660222205.171907,287,1660222205,171139001,,59.300137253424374,18.731249443062097,0.9974085107075568,-0.03523697846792691
1660222206.1732452,288,1660222206,172588109,,59.30013859348924,18.73124559064297,0.9974029143732246,-0.03714920204661116
1660222207.1715503,289,1660222207,171098947,,59.30013848556213,18.73124353164667,0.9973294047997597,-0.03979674234638167
1660222208.1685255,290,1660222208,168032884,,59.300137892018064,18.731240242910985,0.9971660111771922,-0.043247877087365036
1660222209.1814842,291,1660222209,181231021,,59.30013846181131,18.731237852127492,0.996890969818516,-0.047527564192394074
1660222210.1708717,292,1660222210,170372009,,59.3001384369997,18.73123247803153,0.9964784165620979,-0.052666360440869885
1660222211.174804,293,1660222211,173985958,,59.30013776193535,18.73122963085018,0.9959304638004242,-0.058511189098145684
1660222212.169707,294,1660222212,169447898,,59.30013504671154,18.73123112568146,0.9952683200959561,-0.06484914693256517
1660222213.172149,295,1660222213,171861886,,59.30013856150403,18.731223881669166,0.994499904571315,-0.07158115337851487
1660222214.174977,296,1660222214,174627065,,59.30014045699801,18.731222361391588,0.9936428861966414,-0.07858136024959653
1660222215.1689317,297,1660222215,168581008,,59.300143946863706,18.731216192652028,0.9926626832842708,-0.0859713427325529
1660222216.170047,298,1660222216,169246912,,59.30014939807216,18.73120822874091,0.991626110448037,-0.09343603309952112
1660222217.1689456,299,1660222217,168661117,,59.300151682323566,18.731204141272542,0.9908357354209678,-0.09969332570709065
1660222218.188278,300,1660222218,186968088,,59.30015767721277,18.7311940042257,0.9902765684038131,-0.10474374597071341
1660222219.179366,301,1660222219,178841114,,59.30015174954037,18.73119856037829,0.9898845712438501,-0.10883638684003372
1660222220.1753755,302,1660222220,174998044,,59.30015295340207,18.731194390984115,0.9895520183981833,-0.11251211326118388
1660222221.1743999,303,1660222221,173755884,,59.30013682612285,18.731209526229122,0.9892063543725269,-0.11616297120335499
1660222222.1694057,304,1660222222,169089078,,59.30013526779207,18.731206002828117,0.988795832398395,-0.12005624199415775
1660222223.167884,305,1660222223,167448043,,59.300133562855336,18.73120535199132,0.9881930899903582,-0.12477455969853896
1660222224.1753502,306,1660222224,174942016,,59.300133548259666,18.73120318699455,0.987280196402265,-0.13070399431525812
1660222225.1772337,307,1660222225,176548004,,59.30013461002619,18.731203477178724,0.9858905647340445,-0.13825634374543297
1660222226.1682441,308,1660222226,167727947,,59.30013476184755,18.73120471151026,0.984053522762707,-0.14708477801326234
1660222227.1697898,309,1660222227,169059991,,59.30013593197467,18.731204449119787,0.9817112378301757,-0.15716910946850154
1660222228.1742105,310,1660222228,173705101,,59.300135155634976,18.731204883843475,0.9789099479145742,-0.16822536170257854
1660222229.1976168,311,1660222229,195574998,,59.30013601481991,18.731208760256095,0.9754501851144914,-0.1805757878713986
1660222230.1763256,312,1660222230,175221920,,59.30013402728483,18.731212638067404,0.9711283065078353,-0.1944411338600635
1660222231.1778786,313,1660222231,177275896,,59.30013794256768,18.731211219274883,0.9661215242120698,-0.20928387846861563
1660222232.1815028,314,1660222232,180984973,,59.30014298672414,18.731210736615367,0.9606987388974494,-0.22453005914242657
1660222233.1775017,315,1660222233,177139997,,59.300145565942614,18.731210579867252,0.9550273455386205,-0.2398616091040227
1660222234.1784093,316,1660222234,177871942,,59.30014853863898,18.731213759017237,0.9492120184887999,-0.25509661213022317
1660222235.192901,317,1660222235,191241025,,59.30015165312212,18.731214331922274,0.9432648555628818,-0.2702099437441183
1660222236.2086897,318,1660222236,206444025,,59.30015463587634,18.73121455874582,0.9372720443778815,-0.28507189027320634
1660222237.1786985,319,1660222237,177254915,,59.300160347703795,18.73121701050104,0.9312572325486717,-0.2996518928937858
1660222238.1709604,320,1660222238,170484066,,59.30017399626138,18.731224314999622,0.92523914485165,-0.3139288489450964
1660222239.1749148,321,1660222239,174354076,,59.30017769925644,18.731230057073844,0.9192882792346257,-0.327813074035202
1660222240.1755066,322,1660222240,175038099,,59.300175073008894,18.731231377155382,0.9133713421482885,-0.341359013257734
1660222241.1796477,323,1660222241,179126024,,59.300140599589064,18.731213209337056,0.9076045300885889,-0.3544216109488379
1660222242.1752455,324,1660222242,174957990,,59.30012861624717,18.731199710833607,0.9021298981893268,-0.36682599337224564
1660222243.1850173,325,1660222243,184536933,,59.3001408280901,18.73120581881699,0.8971376255753603,-0.37833179020609436
1660222244.1933424,326,1660222244,192650079,,59.30014324691859,18.73121546891275,0.8924141735252973,-0.38923646589940775
1660222245.1752605,327,1660222245,175024032,,59.3001457744756,18.731218310852796,0.8879130654245654,-0.39961450938798204
1660222246.1984031,328,1660222246,193455934,,59.30013978264702,18.73121408586087,0.8836005286534548,-0.40952264089970536
1660222247.1751943,329,1660222247,174268960,,59.300140721400965,18.73121959374089,0.8795393440023551,-0.4188873958071065
1660222248.1866546,330,1660222248,185447931,,59.30014462059116,18.731225125205356,0.8755889945914985,-0.42790750279096507
1660222249.1715846,331,1660222249,171016931,,59.30014238456779,18.731228496507583,0.871295596416838,-0.4371854341670608
1660222250.1952887,332,1660222250,194480895,,59.30014734635084,18.731261542030666,0.866934221114241,-0.44635990335758824
1660222251.176101,333,1660222251,175451993,,59.30014765587603,18.731268852977905,0.8622496628680503,-0.4557473957294585
1660222252.1910872,334,1660222252,189029932,,59.300151158304274,18.731279301115933,0.8571421516056341,-0.4654503646966126
1660222253.1722798,335,1660222253,171715974,,59.30016025180412,18.731272715526416,0.8516160355230094,-0.47544039407620664
1660222254.175822,336,1660222254,175322055,,59.300157969616926,18.731269319542207,0.8456226507531762,-0.4857471201944749
1660222255.1720018,337,1660222255,171580076,,59.30016192059245,18.731267312456907,0.8394925565996603,-0.4960010789215737
1660222256.1790433,338,1660222256,178632020,,59.300164134777965,18.731283584126004,0.8332602353914379,-0.5061651139434067
1660222257.1744056,339,1660222257,174074888,,59.30016125927843,18.73129738645366,0.8268278298507842,-0.5163364916257249
1660222258.1725016,340,1660222258,172152042,,59.300158993248864,18.731298934791198,0.8201437578510377,-0.526559508963827
1660222259.1758409,341,1660222259,174823999,,59.3001569493907,18.731292094696983,0.8133736671528475,-0.5366708141850428
1660222260.1756258,342,1660222260,174483060,,59.300156422072526,18.73131322789152,0.8065093321796015,-0.546678365076154
1660222261.1749742,343,1660222261,174423933,,59.300159285665494,18.731311315714038,0.7995691298374916,-0.556565732800013
1660222262.1914468,344,1660222262,188415050,,59.300159677632315,18.731316577935672,0.7927131955481199,-0.566192733142556
1660222263.1706011,345,1660222263,169945001,,59.300162065574625,18.731324386424603,0.78611492690598,-0.5754134946577825
1660222264.209841,346,1660222264,206937074,,59.30016333311965,18.731337419140687,0.7799223428130923,-0.5841063820305645
1660222265.1732938,347,1660222265,172843933,,59.300164572430795,18.73133843200651,0.7742215852112165,-0.5922027925562727
1660222266.181575,348,1660222266,180751085,,59.300162210839346,18.731336939894277,0.7691942535381813,-0.5995440419207536
1660222267.1785715,349,1660222267,177726984,,59.300159926722515,18.731341398114296,0.764859356114769,-0.6061112919880023
1660222268.1779687,350,1660222268,177359104,,59.30015928536604,18.731335834034326,0.7613267715532521,-0.6117944658360563
1660222269.1779785,351,1660222269,177292108,,59.300159337209195,18.731328240866333,0.7586656324424816,-0.6165101507802389
1660222270.1713886,352,1660222270,170852899,,59.300156155138176,18.73133817578082,0.7571342454091499,-0.6199614877626592
1660222271.1688335,353,1660222271,168226957,,59.30015165022535,18.731316123692295,0.7569116320282339,-0.6218826266210821
1660222272.169859,354,1660222272,169365882,,59.30015809067868,18.731332041215865,0.7572914998847782,-0.623019148614732
1660222273.17363,355,1660222273,173053979,,59.30016092052068,18.731339936012546,0.7583140688175148,-0.6232973183943188
1660222274.1790767,356,1660222274,177793025,,59.300157263518905,18.731333023847583,0.7601271834172739,-0.6224906641659084
1660222275.1732059,357,1660222275,172156095,,59.30015613286044,18.731334053176624,0.762609048026776,-0.6207038836853019
1660222276.1908815,358,1660222276,189757108,,59.30015631704488,18.731336204790978,0.7656172368604229,-0.6180872080644513
1660222277.1759353,359,1660222277,175153970,,59.30015886456578,18.731346404706528,0.7689604672112915,-0.6148854639462399
1660222278.1773312,360,1660222278,176626920,,59.30016491382185,18.731372506142293,0.772667425279772,-0.6110290605179681
1660222279.172811,361,1660222279,172239065,,59.30016404319528,18.731359268044685,0.776341391397787,-0.6071251065050224
1660222280.1742096,362,1660222280,173538923,,59.30016573664396,18.731362091893516,0.7802771340079211,-0.602695614392707
1660222281.1723483,363,1660222281,171951055,,59.30017451799627,18.73140051422172,0.7843155569249238,-0.5979872219290805
1660222282.1770427,364,1660222282,174664974,,59.30016769451588,18.731388731482525,0.7874209517844094,-0.5947133813122646
1660222283.1869156,365,1660222283,184510946,,59.30018492955592,18.73146150472212,0.7898727846183333,-0.5923792938271253
1660222284.17068,366,1660222284,170348882,,59.300189447893814,18.731479097134525,0.7892972974526339,-0.5941510513292553
1660222285.1771178,367,1660222285,176739931,,59.30019225997305,18.73149132817025,0.785896477057803,-0.5990756326257703
1660222286.197297,368,1660222286,196157932,,59.300189006353186,18.73148063114604,0.7801069322550993,-0.6062351407404627
1660222287.1908631,369,1660222287,190243959,,59.300187612563946,18.73146679002025,0.7728025015354606,-0.6145892851094273
1660222288.182621,370,1660222288,181480884,,59.3001899297882,18.731469851642487,0.7646950416766048,-0.6234547239942667
1660222289.1893747,371,1660222289,188745021,,59.30018683658081,18.731461604101924,0.7559563954653719,-0.6326549953410878
1660222290.1865203,372,1660222290,186080932,,59.30018428545157,18.731457299515682,0.7468610327456096,-0.6419632880508882
1660222291.1722717,373,1660222291,171479940,,59.300193427566086,18.731487532609208,0.7375580376372535,-0.6512626505050864
1660222292.1706107,374,1660222292,169965028,,59.300192359052154,18.73148703167567,0.7278842281943573,-0.6606511252740963
1660222293.171229,375,1660222293,170835018,,59.30018067746358,18.731470703390073,0.7180529842462259,-0.6699790312320754
1660222294.1756566,376,1660222294,173491001,,59.30018232841749,18.7314693901734,0.7083213180599309,-0.6790838312359379
1660222295.1897604,377,1660222295,186638116,,59.300181125921334,18.731462292927517,0.6987558627569177,-0.6879285407302199
1660222296.1756005,378,1660222296,173712015,,59.30018199613269,18.731462148983155,0.689425107685395,-0.6964771902621572
1660222297.1744418,379,1660222297,174006938,,59.300189014297864,18.731474889308856,0.6803174033565267,-0.704742659797667
1660222298.1722424,380,1660222298,171593904,,59.30019624468117,18.731488262490075,0.6713920209711441,-0.7127544276358861
1660222299.1787932,381,1660222299,178214073,,59.3002005893875,18.731496286539823,0.6625952660136595,-0.7205483317883501
1660222300.1736393,382,1660222300,173187017,,59.300206797413104,18.731505396264197,0.6539256039658163,-0.7281294401304277
1660222301.171889,383,1660222301,171083927,,59.300203846809836,18.731499268148127,0.6454991497643019,-0.7354376744146525
1660222302.1708155,384,1660222302,170303106,,59.300213351320714,18.73150941863628,0.6373445498646968,-0.742463146205384
1660222303.172785,385,1660222303,172068119,,59.30022124729499,18.731515401947263,0.6295498137037993,-0.7491636715456468
1660222304.190597,386,1660222304,190022945,,59.30022135644082,18.73151474537974,0.6222575499362352,-0.7554670555698906
1660222305.1832333,387,1660222305,182744026,,59.30022083126725,18.731514053971296,0.6153213112407956,-0.7614600155932301
1660222306.1943674,388,1660222306,193459033,,59.300226989429426,18.73152156099502,0.6087512801710484,-0.7671426077686159
1660222307.1854727,389,1660222307,184370994,,59.30024355214808,18.731529603456465,0.6026592960084352,-0.7724580401852805
1660222308.1886075,390,1660222308,187531948,,59.30024224569282,18.731528943160356,0.5971488129585517,-0.7773521853235931
1660222309.18411,391,1660222309,183458089,,59.300237760259584,18.731521126002576,0.5921084152511508,-0.7818909624502941
1660222310.1806152,392,1660222310,179886102,,59.300236512242364,18.731514028916195,0.5874752599480288,-0.7861136852231564
1660222311.1762283,393,1660222311,175923109,,59.300237293488074,18.73150653654875,0.5832542439956132,-0.790020722654701
1660222312.1911788,394,1660222312,188055992,,59.3002486667129,18.731513391367457,0.5794531196102801,-0.7936101711273875
1660222313.175954,395,1660222313,175194025,,59.30025345497092,18.731519554166994,0.5761286083861774,-0.7968502016001843
1660222314.1870484,396,1660222314,186476945,,59.300255606284395,18.731527509572743,0.5732244418828285,-0.7997753513115169
1660222315.1736,397,1660222315,173233032,,59.30025560137872,18.73152597311423,0.5706230215976895,-0.8024584331278873
1660222316.1694481,398,1660222316,169120073,,59.30025696875804,18.731527955007778,0.5682156421861783,-0.8049682284130474
1660222317.1979997,399,1660222317,195837974,,59.300255098793066,18.73152641583738,0.5659754730365228,-0.8073237958830576
1660222318.1730733,400,1660222318,172421932,,59.300253508154654,18.731523562227494,0.5638762695336019,-0.8095437837057393
1660222319.174036,401,1660222319,172182083,,59.30025328018461,18.731528339121496,0.561910726776975,-0.811635101835551
1660222320.1733735,402,1660222320,172887086,,59.300254729521306,18.73153816655679,0.560065693466046,-0.8136081477746933
1660222321.1757414,403,1660222321,174832105,,59.3002523609605,18.73154016038518,0.5583347497289629,-0.8154690626706627
1660222322.1712763,404,1660222322,170856952,,59.300255381453674,18.731552013207192,0.5567247926959629,-0.8172156436642805
1660222323.1798894,405,1660222323,179205894,,59.30025677454651,18.73156164236775,0.555215648659173,-0.8188623200898015
1660222324.1814785,406,1660222324,180676937,,59.30025807968583,18.73156251533169,0.5538112569353246,-0.820408504724281
1660222325.1686654,407,1660222325,168190002,,59.30025835795067,18.73156474690552,0.5525372255552972,-0.8218400154305748
1660222326.1718187,408,1660222326,171454906,,59.30026119128477,18.731567427260757,0.5514048020910458,-0.8231513726032686
1660222327.1762223,409,1660222327,174856901,,59.30026161103878,18.731567493234024,0.5504324669935118,-0.824332337831018
1660222328.1713748,410,1660222328,170918941,,59.30025055401691,18.731541355676768,0.5495120858600384,-0.825452158113076
1660222329.1778243,411,1660222329,177117109,,59.30024101290697,18.731527094742432,0.5485437773990424,-0.8265748715020478
1660222330.1775537,412,1660222330,177159070,,59.300240568598355,18.731540262073963,0.5476569952228515,-0.8276207289578668
1660222331.1724453,413,1660222331,171694040,,59.300245820678406,18.731542082015608,0.5468264580380359,-0.8286068342220246
1660222332.1789308,414,1660222332,178507089,,59.30023739488655,18.731540687685538,0.5461023334456159,-0.8295028998018065
1660222333.1807709,415,1660222333,180228948,,59.30023187727475,18.731543386586736,0.5454606297515869,-0.8303250645175496
1660222334.174221,416,1660222334,173690080,,59.30023075180498,18.731545161621057,0.544896012859295,-0.8310777193661214
1660222335.1739671,417,1660222335,173252105,,59.30024326490974,18.73155330549139,0.5444699593654735,-0.8317228239230675
1660222336.1902735,418,1660222336,188529014,,59.30025032289524,18.731557211025233,0.5442156194406952,-0.8322397053550458
1660222337.1918783,419,1660222337,190931081,,59.3002526715457,18.731563286206892,0.5440369416465234,-0.8326903566877417
1660222338.190695,420,1660222338,190411090,,59.300252105934376,18.731564903049957,0.5439695770789112,-0.8330525037049673
1660222339.175417,421,1660222339,174663066,,59.30025459327019,18.731568076612234,0.5441678078487202,-0.833225950553699
1660222340.1899018,422,1660222340,187777042,,59.3002559817117,18.731570690785702,0.5447239521727324,-0.8331474693325023
1660222341.1783524,423,1660222341,178102016,,59.30024822175027,18.731566982952245,0.5457489488752401,-0.8327369732762673
1660222342.174869,424,1660222342,174232006,,59.30025016784344,18.731564095979138,0.5472409888967573,-0.8319870553022946
1660222343.1917155,425,1660222343,190752983,,59.30024924749679,18.73155536036461,0.5492371545071756,-0.8308610914337046
1660222344.1998017,426,1660222344,198626995,,59.30024365770078,18.731544770774235,0.5516896110706041,-0.8293821579759494
1660222345.1876578,427,1660222345,186534881,,59.30024116090863,18.731538173540685,0.5545042199697313,-0.8276105986217325
1660222346.176731,428,1660222346,173521041,,59.30024712357779,18.731557158947,0.5576137879459077,-0.8255901551435957
1660222347.176799,429,1660222347,176354885,,59.30024525709876,18.731549852623857,0.5609397824050989,-0.8233765261386122
1660222348.1703126,430,1660222348,169748067,,59.30025024900152,18.731548094851973,0.5644529300954061,-0.8209885941547708
1660222349.1741521,431,1660222349,172960996,,59.300247292146906,18.73153757486375,0.5681366261589501,-0.8184357266820341
1660222350.1758478,432,1660222350,175647974,,59.3002530225698,18.73153552342137,0.5716838950468724,-0.8159708705513732
1660222351.1702206,433,1660222351,169429063,,59.300260902009725,18.73153826228088,0.574897756102015,-0.8137583821067487
1660222352.1743004,434,1660222352,173907041,,59.30026177949326,18.731535236872332,0.5776038822972898,-0.8119399075349801
1660222353.197862,435,1660222353,195359945,,59.300263694088876,18.731533156866362,0.5802307500443517,-0.8101669389049346
1660222354.1979113,436,1660222354,197160959,,59.30026582330715,18.731535608569857,0.5827201374813245,-0.8084875982304578
1660222355.2113898,437,1660222355,204524993,,59.300266675288945,18.731524624465237,0.5850487472946162,-0.8069216523676409
1660222356.1899498,438,1660222356,188757896,,59.300255600587796,18.73151971836137,0.5871640956714396,-0.8055122108174346
1660222357.2213988,439,1660222357,202672958,,59.30025480794024,18.731524824768258,0.5890746361145208,-0.8042528221842599
1660222358.2212803,440,1660222358,219747066,,59.30025911461751,18.731538278242624,0.5907624991388001,-0.803157965667784
1660222359.204027,441,1660222359,201787948,,59.30026146704053,18.7315483927855,0.5922170597696271,-0.8022359366886145
1660222360.2070029,442,1660222360,205710887,,59.300269710362535,18.731544396135178,0.5934500689017497,-0.8014771088588876
1660222361.204526,443,1660222361,203239917,,59.300262949529646,18.73154050216567,0.5945040516660711,-0.8008479367740715
1660222362.2162428,444,1660222362,214216947,,59.300257375420706,18.73152501661798,0.5954000654136753,-0.8003320008244452
1660222363.2180712,445,1660222363,216471910,,59.30025939738184,18.731522870317917,0.5961488901341823,-0.7999209703163594
1660222364.191282,446,1660222364,189621925,,59.30025622882575,18.731516215166266,0.5967728517179971,-0.7995977024360555
1660222365.1920896,447,1660222365,190979957,,59.30025518210923,18.731512191103548,0.5972825364004148,-0.7993541864490277
1660222366.218132,448,1660222366,217063903,,59.30025392463896,18.731507806470177,0.5976832944504579,-0.7991864362195424
1660222367.2178,449,1660222367,217149972,,59.30026845824963,18.731518302593486,0.5979734858776915,-0.7990957515930447
1660222368.209034,450,1660222368,204494953,,59.30028096479456,18.73152285105232,0.5980718362641785,-0.7991431953302225
1660222369.1978843,451,1660222369,196382999,,59.30029285606591,18.731525381218034,0.5978937861944791,-0.7993904155247912
1660222370.213628,452,1660222370,212470054,,59.300296923568396,18.731514407637746,0.5974160113935555,-0.7998516397427009
1660222371.19846,453,1660222371,197067022,,59.30027913208126,18.731521496482287,0.5965984034605561,-0.800551956369649
1660222372.1941106,454,1660222372,192820072,,59.300284686623776,18.73151910231627,0.5954644840358734,-0.8014699265781335
1660222373.2043304,455,1660222373,200258016,,59.30029446415839,18.731514671727837,0.5940093944889218,-0.8026042359378368
1660222374.2004302,456,1660222374,199054956,,59.300298707998884,18.731522723599255,0.5922579433036863,-0.8039330685425572
1660222375.2047105,457,1660222375,203100919,,59.30030385655061,18.73152810852423,0.5902044829810404,-0.8054554448371538
1660222376.2107456,458,1660222376,209099054,,59.30030965004547,18.73153470030752,0.5878710045958583,-0.8071520005585359
1660222377.2191985,459,1660222377,217376947,,59.30030920474006,18.73153750503559,0.5853292392445216,-0.8089723764047676
1660222378.1908607,460,1660222378,189971923,,59.300309992333005,18.73154042629517,0.5826240596777907,-0.8108852764136122
1660222379.1983366,461,1660222379,197078943,,59.30032207680664,18.731560338607892,0.5798063997079729,-0.8128568620381279
1660222380.2093785,462,1660222380,202424049,,59.300334511516546,18.731568426809417,0.5769560306217545,-0.8148368176123812
1660222381.1935203,463,1660222381,192236900,,59.30033305516785,18.731568228515243,0.5741425680500891,-0.8167823659110726
1660222382.2155032,464,1660222382,214672088,,59.3003309052274,18.73156446048472,0.5714196485716865,-0.818661169926753
1660222383.2060392,465,1660222383,204448938,,59.300329732687814,18.731576893656552,0.568826710710564,-0.8204497827513147
1660222384.1871865,466,1660222384,186129093,,59.300330819457685,18.731579216997716,0.5663285078232875,-0.8221701745226819
1660222385.1905727,467,1660222385,189007043,,59.3003289856025,18.731586113185358,0.563940831673166,-0.8238132735183062
1660222386.1913462,468,1660222386,188859939,,59.30033185267592,18.731597230230477,0.5616517747834293,-0.8253868043174365
1660222387.2114701,469,1660222387,210058927,,59.30033142796182,18.73158354852012,0.5594551722850393,-0.8268949782455876
1660222388.2166066,470,1660222388,214746952,,59.30032705961799,18.7315766635827,0.5574219460043375,-0.8282952952744984
1660222389.1942534,471,1660222389,192320108,,59.300329711707,18.731578374756964,0.5555743993709229,-0.8295744974228838
1660222390.2147799,472,1660222390,211973905,,59.30033469602168,18.731587309509905,0.5539153348830719,-0.8307310114694446
1660222391.2029247,473,1660222391,196367979,,59.30033671543231,18.73159362691956,0.552424430156383,-0.8317773824331994
1660222392.208419,474,1660222392,204204082,,59.30033593107046,18.731599346000053,0.5510142502390161,-0.832767631418231
1660222393.2006524,475,1660222393,197211980,,59.30033469364991,18.731600486472416,0.5496262741388325,-0.8337380661116606
1660222394.1819103,476,1660222394,181051015,,59.30033393468972,18.73160862688394,0.5482814686678611,-0.8346760726268744
1660222395.2045898,477,1660222395,199297904,,59.300334744352156,18.731628383741395,0.54694636545681,-0.8356024062684252
1660222396.208094,478,1660222396,204755067,,59.300333537404974,18.73161716305526,0.5455923961466882,-0.8365346472770185
1660222397.2023733,479,1660222397,199408054,,59.30033596585225,18.731632624120948,0.5442494817280485,-0.8374546962373802
1660222398.2036366,480,1660222398,201833009,,59.300333911297756,18.73164618478461,0.5429104099015798,-0.8383670879941643
1660222399.2061296,481,1660222399,204494953,,59.300333464595525,18.731653910225077,0.5415449661368567,-0.8392901579846064
1660222400.1984472,482,1660222400,196423053,,59.30033119700897,18.73163677195464,0.5401559627875524,-0.8402222008907904
1660222401.2110634,483,1660222401,209065914,,59.30033207744576,18.731636376433244,0.5387705310991532,-0.8411470237865257
1660222402.2099578,484,1660222402,206518888,,59.300333774706004,18.731628718452612,0.5374064527377188,-0.8420541649088373
1660222403.2161062,485,1660222403,213551044,,59.30033931708362,18.731639683082676,0.5360891722221601,-0.8429286836370576
1660222404.227103,486,1660222404,225493907,,59.30034214758882,18.731647070415306,0.5348689845882159,-0.8437408932718694
1660222405.209336,487,1660222405,204039096,,59.30033895553547,18.731649794674013,0.5337541047522225,-0.8444860792846196
1660222406.2021148,488,1660222406,200434923,,59.30034453540316,18.731636348828715,0.5327157241187546,-0.8451816092826874
1660222407.2191677,489,1660222407,215771913,,59.30034459173444,18.731633557143596,0.531776132257359,-0.8458143181984276
1660222408.1977785,490,1660222408,193972110,,59.30034500060977,18.731633882648225,0.5309033592780077,-0.8464034998415536
1660222409.215749,491,1660222409,204077005,,59.30034400689549,18.73162652622591,0.5300827573546316,-0.8469581041728346
1660222410.200851,492,1660222410,199203968,,59.30034242209208,18.731624668408358,0.5292721960342885,-0.8475035565409026
1660222411.1962183,493,1660222411,194250106,,59.300342599932094,18.73162347246887,0.5284898752639978,-0.8480290942519982
1660222412.2108305,494,1660222412,209144115,,59.30034566043568,18.73163173944431,0.5277377629631282,-0.848533686083593
1660222413.2167263,495,1660222413,211092948,,59.30034568651605,18.73162306657889,0.5270671180434893,-0.8489867736329543
1660222414.1952698,496,1660222414,194111108,,59.30035444413935,18.73164441388974,0.5264919510522948,-0.8493799952911114
1660222415.2023451,497,1660222415,201297044,,59.300351165543994,18.731643605170575,0.52612242768687,-0.849646626140102
1660222416.192379,498,1660222416,190737962,,59.300352206482756,18.73164390967463,0.5259642173718752,-0.8497822106280937
1660222417.1956894,499,1660222417,194408893,,59.300353897843166,18.73164837942727,0.5260633064290914,-0.8497569971932443
1660222418.2059116,500,1660222418,202413082,,59.300352498374764,18.73164904868429,0.5264418266619733,-0.8495549328410018
1660222419.217441,501,1660222419,213466882,,59.30035646405748,18.73164202637963,0.527119322495481,-0.8491607018889795
1660222420.1929598,502,1660222420,191445112,,59.300361692846806,18.731655730022,0.5281540667542745,-0.848532667806765
1660222421.2046,503,1660222421,198178052,,59.30035878373382,18.73165722238241,0.5295623158014232,-0.8476544735317902
1660222422.1930466,504,1660222422,191251039,,59.300361685778824,18.731665015808858,0.5313521909255822,-0.8465139696023603
1660222423.2090454,505,1660222423,207151889,,59.30036498491287,18.73167095479039,0.5335452853983075,-0.8450884166517049
1660222424.1971462,506,1660222424,196186065,,59.300367019509494,18.731672733216556,0.5361526678225981,-0.843360647148776
1660222425.1983573,507,1660222425,196894884,,59.30036965304443,18.731679349471847,0.539196795519091,-0.8413033659681413
1660222426.1968212,508,1660222426,194138050,,59.300367391177744,18.73167703025524,0.5426654363817056,-0.8389132221313299
1660222427.2015932,509,1660222427,200336933,,59.30035616663214,18.731647699757673,0.5464954051309947,-0.8362266712223339
1660222428.2078001,510,1660222428,201173067,,59.30036531731501,18.73166603477057,0.5506354212606029,-0.8332736343000746
1660222429.201737,511,1660222429,201060056,,59.30037037200445,18.731679315118868,0.5549747258387289,-0.8301357171780768
1660222430.1931908,512,1660222430,192584037,,59.30037321560292,18.731689064771444,0.5595576610556985,-0.8267689761204077
1660222431.2177188,513,1660222431,205425977,,59.30037585836321,18.731687395958716,0.5643334081127374,-0.8232088241874445
1660222432.1922352,514,1660222432,191092967,,59.30037179400048,18.731693905717407,0.5691563825809461,-0.8195767971013758
1660222433.2018316,515,1660222433,200443983,,59.30037032791754,18.731679242756172,0.5739774221529085,-0.8159144088937806
1660222434.2144103,516,1660222434,208450078,,59.300369882303634,18.73167847075149,0.5786645926013624,-0.8123392772302274
1660222435.1932685,517,1660222435,192295074,,59.300373006262205,18.731684165684555,0.5831962390364424,-0.8088720384005958
1660222436.1926973,518,1660222436,191246032,,59.300373783431944,18.73168579116907,0.5875563966436728,-0.8055284585932305
1660222437.200422,519,1660222437,195693016,,59.30037181094429,18.731681945220885,0.5917606478891542,-0.8022958543400317
1660222438.2038538,520,1660222438,196419000,,59.300368639267745,18.731670625194056,0.5958320338287184,-0.7991546137571612
1660222439.1951504,521,1660222439,193754911,,59.30036808932583,18.731666047570343,0.599787007758127,-0.7960909020136608
1660222440.1992033,522,1660222440,198043107,,59.300374360646316,18.731685584851448,0.6036430605139744,-0.7930897356442408
1660222441.2185166,523,1660222441,217282056,,59.30037367457387,18.73168547005048,0.6073707584416621,-0.7901792552891881
1660222442.2081666,524,1660222442,206311941,,59.30037511614422,18.731686445871446,0.6109237423443078,-0.7874035248504367
1660222443.202837,525,1660222443,199548006,,59.30037363729879,18.731670453945867,0.6143144418291078,-0.7847523862826953
1660222444.1871414,526,1660222444,186224937,,59.300374446877576,18.731665103120577,0.6176161474566525,-0.7821592018991553
1660222445.1948981,527,1660222445,194166898,,59.30037689796193,18.731665633835405,0.6208587477445616,-0.7795970083116719
1660222446.1998317,528,1660222446,195207118,,59.30038176674815,18.731669370805548,0.6240727782449537,-0.7770377585383974
1660222447.2156603,529,1660222447,214679002,,59.30038632536431,18.731667868258114,0.6272852433572119,-0.7744561309327708
1660222448.196759,530,1660222448,195981979,,59.30038787179176,18.73167367548956,0.6305141752794692,-0.771834722179617
1660222449.211849,531,1660222449,208369970,,59.300391579736846,18.73168012934923,0.6337201083024091,-0.7692112089734364
1660222450.1733658,532,1660222450,173062086,,59.30039432693315,18.731681918459913,0.6368803395632436,-0.7666078624366587
1660222451.179995,533,1660222451,179565906,,59.3003981811892,18.731687153443318,0.6399964679279511,-0.7640236332713322
1660222452.1973705,534,1660222452,196194887,,59.30040471232663,18.73168819987518,0.6430443627451619,-0.7614827579443564
1660222453.2091985,535,1660222453,208024024,,59.3004075815419,18.731698009735965,0.6460416893494347,-0.7589685624608028
1660222454.1842775,536,1660222454,183587074,,59.300404747834634,18.731700273084016,0.648895470458952,-0.7565738277539562
1660222455.198063,537,1660222455,196258068,,59.30040823182753,18.731705265221535,0.6515759022520459,-0.7543291208467228
1660222456.1863787,538,1660222456,185553073,,59.3004111897583,18.73171108262727,0.654051749440956,-0.7522661646762507
1660222457.1909122,539,1660222457,190097093,,59.30041356355085,18.731715422216666,0.6562945363516542,-0.7504134605935109
1660222458.1908147,540,1660222458,189066886,,59.300401573703844,18.731703646971823,0.6583006149361623,-0.748774698203456
1660222459.1933994,541,1660222459,192450046,,59.30040297176709,18.731706600673192,0.6601319950679577,-0.7472899190013171
1660222460.1706676,542,1660222460,170120954,,59.30040101078938,18.73169854924015,0.6617998870124666,-0.7459487436296183
1660222461.1757886,543,1660222461,174823045,,59.30040174974754,18.73169918361873,0.6633577719157189,-0.7447002240908193
1660222462.1753905,544,1660222462,174499988,,59.30040033703654,18.731700852302538,0.6648213360894215,-0.7435299114026208
1660222463.1923301,545,1660222463,190957069,,59.30040137988231,18.73170296205467,0.666189268859139,-0.742439661806182
1660222464.1952975,546,1660222464,191752910,,59.30040190442929,18.73169647279599,0.6674558517785428,-0.7414355000503317
1660222465.190844,547,1660222465,190020084,,59.300408868971836,18.731688407916863,0.6686388957436961,-0.7405008826566764
1660222466.183098,548,1660222466,182565927,,59.30041275851765,18.731683971727534,0.6697977204797108,-0.7395795594372456
1660222467.1930392,549,1660222467,191098928,,59.30041596169067,18.731679758112477,0.6709640890708382,-0.7386414473824566
1660222468.1930082,550,1660222468,191634893,,59.30041856317395,18.731674871862765,0.6721644086937313,-0.7376612883770118
1660222469.2122667,551,1660222469,209502935,,59.30042179067383,18.731670748680585,0.673428327461806,-0.7366102474486542
1660222470.208014,552,1660222470,203982114,,59.30043172660576,18.731645811354383,0.6747733777832607,-0.7354707291815953
1660222471.2040422,553,1660222471,203269004,,59.30044299757424,18.731618356351305,0.6763153392969548,-0.734127082905481
1660222472.1932118,554,1660222472,191878080,,59.3004510706033,18.731605485498335,0.6781366860783589,-0.7324920293325654
1660222473.1976025,555,1660222473,195844888,,59.30046021093162,18.73160372189193,0.6801757568032453,-0.7306221672788602
1660222474.2049565,556,1660222474,201426982,,59.300467439944704,18.73160316604617,0.6823129331775546,-0.7286376835113396
1660222475.1918888,557,1660222475,190776109,,59.3004747931221,18.731598228036546,0.6844606601823129,-0.7266291595804018
1660222476.180308,558,1660222476,179397106,,59.30048099329616,18.731594459075836,0.6865866727844387,-0.7246305850100306
1660222477.1938987,559,1660222477,192895889,,59.30049151260515,18.73160422678575,0.6886671725223635,-0.7226674673575069
1660222478.1848674,560,1660222478,184565067,,59.300495788634294,18.731600092458848,0.6906703634600581,-0.7207740977262526
1660222479.1955175,561,1660222479,194320917,,59.3005014149912,18.73161759934328,0.692607900999659,-0.7189386396917835
1660222480.19619,562,1660222480,195230007,,59.30050166305101,18.731626786581387,0.6943935801445187,-0.7172534872908021
1660222481.181663,563,1660222481,181129932,,59.30049977767152,18.731635859350035,0.6959663323976338,-0.71578353647665
1660222482.1815128,564,1660222482,181000947,,59.3005025198484,18.731642295975234,0.6973211571083983,-0.7145334733056941
1660222483.1703362,565,1660222483,169908046,,59.30050640501784,18.731651147415846,0.6984651981455761,-0.7134950221048906
1660222484.2121131,566,1660222484,210064888,,59.300500726540015,18.73163830467024,0.6993977171218946,-0.7126679842768551
1660222485.2098627,567,1660222485,208200931,,59.30050942717394,18.73163779717197,0.7002151279854092,-0.7119526232882998
1660222486.2202592,568,1660222486,217835903,,59.30049655828407,18.731625572841494,0.7009528013845422,-0.7113128205311045
1660222487.2225378,569,1660222487,220721960,,59.300498866931505,18.731633395760355,0.7016349124636934,-0.7107240987924877
1660222488.2130597,570,1660222488,212301015,,59.30049977941862,18.731637383519228,0.7022442074255593,-0.7102043131723237
1660222489.2180202,571,1660222489,216785907,,59.300501313144984,18.73164337507285,0.7027800325830562,-0.7097542966423377
1660222490.2042074,572,1660222490,201663017,,59.30050766331983,18.73166796944963,0.7032352889253383,-0.7093813764054189
1660222491.199388,573,1660222491,197655916,,59.300517902209904,18.7317021108405,0.7035251323611708,-0.709171114975272
1660222492.1889489,574,1660222492,187774896,,59.300520413799475,18.731713169458317,0.7034966614049744,-0.7092742403322688
1660222493.194531,575,1660222493,193541049,,59.30052242217935,18.73172446834326,0.703171799693615,-0.7096641124640302
1660222494.1996047,576,1660222494,196227073,,59.30053219238464,18.7317381265359,0.7025814543869374,-0.7103061952117428
1660222495.2053368,577,1660222495,200222969,,59.30052939420038,18.731722219620224,0.7017612715396775,-0.7111625787818903
1660222496.1860542,578,1660222496,185487031,,59.30053618603707,18.731736375074092,0.7009414583773101,-0.7120144349227314
1660222497.2057858,579,1660222497,204876899,,59.30053908753218,18.731744635790392,0.7000800209033882,-0.7129012772118305
1660222498.1944997,580,1660222498,193371057,,59.30053748725122,18.731758354602334,0.6991661777635477,-0.7138329974360891
1660222499.1799147,581,1660222499,179285049,,59.30053488366529,18.731764504678495,0.698103619462321,-0.7148983617540584
1660222500.1886065,582,1660222500,188303947,,59.30053669847307,18.73178803782082,0.6968796578521465,-0.7161071371519249
1660222501.2067952,583,1660222501,205630064,,59.30053099917667,18.731763338788824,0.6953897594442173,-0.717551009121097
1660222502.191243,584,1660222502,190498113,,59.30053376288109,18.73177778856541,0.6938677043834314,-0.71901791213273
1660222503.2088838,585,1660222503,208398103,,59.30052790039782,18.731745342371937,0.6922841091887558,-0.7205335589944583
1660222504.202971,586,1660222504,202358961,,59.30052697268364,18.731756045354928,0.6908052903274556,-0.7219507878253046
1660222505.20342,587,1660222505,198071956,,59.30052349543052,18.73176666745212,0.6893590585377186,-0.7233337099825364
1660222506.1887825,588,1660222506,187948942,,59.30053111811159,18.731755255387498,0.6878668295883812,-0.724751617445906
1660222507.2028587,589,1660222507,199460029,,59.30052928590237,18.73176895043423,0.6864424253679188,-0.7261045829385544
1660222508.1956728,590,1660222508,194602966,,59.30053270185154,18.731763680213817,0.6849941604616442,-0.7274730789576176
1660222509.2069397,591,1660222509,205437898,,59.30053189875166,18.731774378970158,0.6835723530385279,-0.7288132015668353
1660222510.203529,592,1660222510,202518939,,59.300533711649706,18.731764116151,0.6821250260087498,-0.7301701950427615
1660222511.207838,593,1660222511,206676959,,59.300530173334984,18.731761289384735,0.6807362337462165,-0.7314713120291018
1660222512.194814,594,1660222512,192538022,,59.3005295021467,18.73176144224385,0.6793953824939056,-0.7327259656724501
1660222513.1894436,595,1660222513,188169002,,59.300530325626596,18.73175931076321,0.6781029880409675,-0.7339339428418152
1660222514.2039783,596,1660222514,203053951,,59.300530298846354,18.73175934888468,0.6768729610040495,-0.7350834658336263
1660222515.2102675,597,1660222515,209137916,,59.300530350385685,18.73176359742729,0.675702913660051,-0.7361768263703407
1660222516.2181935,598,1660222516,213912963,,59.30052678292204,18.731772644107878,0.6745782333236434,-0.7372268545983892
1660222517.2010107,599,1660222517,199678897,,59.30052261644943,18.731784999979368,0.6734530129676668,-0.7382732856483798
1660222518.2211661,600,1660222518,215209007,,59.30051799074464,18.731797940151296,0.6722634661850326,-0.739370777139588
1660222519.193999,601,1660222519,193351984,,59.30052106369068,18.731786994369372,0.6709510829996961,-0.7405684400502824
1660222520.205568,602,1660222520,203871965,,59.300515022659695,18.731819311790446,0.669619972283777,-0.7417774443793045
1660222521.213355,603,1660222521,212697982,,59.3005201032615,18.731817504494302,0.6681364987302991,-0.7431093788930092
1660222522.211687,604,1660222522,204370975,,59.300517233600765,18.73183474306734,0.6665469619197758,-0.7445241079813949
1660222523.204751,605,1660222523,202888965,,59.30051303749091,18.73184136346572,0.6648426773751146,-0.7460275017492246
