Time,header.seq,header.stamp.secs,header.stamp.nsecs,header.frame_id,lat,lon,sample
1660221921.168796,14,1660221921,148292064,,59.299963511643575,18.730872136945663,2.2814787793357936
1660221922.1748536,15,1660221922,149255990,,59.29996247969772,18.730873707486353,2.2732521545561557
1660221923.1683996,16,1660221923,148314952,,59.29996149530583,18.730872086931186,2.2879652862275104
1660221924.1684532,17,1660221924,149246931,,59.2999593128514,18.73085318111407,2.3583494575556947
1660221925.169477,18,1660221925,148242950,,59.29995952187936,18.730848371313414,2.3527188886492723
1660221926.1675189,19,1660221926,148612022,,59.299960864128536,18.73087872373378,2.24621741309162
1660221927.173981,20,1660221927,148613929,,59.29995802870039,18.730881457618807,2.2321582859703413
1660221928.1800783,21,1660221928,148526906,,59.299959066911285,18.73090221998575,2.14626502974679
1660221929.1658525,22,1660221929,148552894,,59.29995772954342,18.730870469086085,2.305084288248741
1660221930.1668215,23,1660221930,148929119,,59.29995563021101,18.730878662315035,2.2558422350348946
1660221931.1680737,24,1660221931,149205923,,59.299958223589904,18.730894619216656,2.1718177659551205
1660221932.1620946,25,1660221932,148067951,,59.29995971389007,18.730909795486127,2.124351241094466
1660221933.1630127,26,1660221933,148241043,,59.299956452678515,18.730896678597674,2.168095408237819
1660221934.170707,27,1660221934,148179054,,59.299958187275394,18.7309248139062,2.322058408731553
1660221935.1672692,28,1660221935,148164987,,59.299957775857635,18.730922620390402,2.2766157705086516
1660221936.167992,29,1660221936,148210048,,59.299956947661954,18.73092161738566,2.2549898752467086
1660221937.1666682,30,1660221937,148524999,,59.29995595760332,18.730919013287235,2.204256246541202
1660221938.17193,31,1660221938,149801015,,59.29995728970569,18.730932332360567,2.473791716398752
1660221939.1655185,32,1660221939,148405075,,59.29995963136418,18.730939806291985,2.635028580377835
1660221940.1695223,33,1660221940,148627996,,59.299961937867586,18.730944684651377,2.7384509398061665
1660221941.1686933,34,1660221941,149055004,,59.299965547299635,18.730959444499945,3.041504418259924
1660221942.1724637,35,1660221942,148578882,,59.29996456639162,18.7309630877387,3.107305712312296
1660221943.16757,36,1660221943,148196935,,59.29996137461123,18.73094471357024,2.7341588054568695
1660221944.1649806,37,1660221944,148477077,,59.29996804834905,18.73095489848015,2.9673123698319603
1660221945.1693983,38,1660221945,149161100,,59.299962799538925,18.73093482738659,2.5377488059761553
1660221946.1695926,39,1660221946,148478984,,59.29996060256637,18.73092795669072,2.39052427811518
1660221947.168367,40,1660221947,148838043,,59.299960906624264,18.730925964521816,2.3478016189398865
1660221948.1703715,41,1660221948,148468971,,59.29996160048645,18.73092638633625,2.3578217991463273
1660221949.1715171,42,1660221949,148710012,,59.29996221366048,18.730925896141798,2.3456312742598673
1660221950.1662142,43,1660221950,148155927,,59.29996346071454,18.73093003767042,2.4387790705372385
1660221951.1732244,44,1660221951,150288105,,59.29996218154124,18.730930504057255,2.447537190308523
1660221952.1792405,45,1660221952,148801088,,59.29996282078646,18.730945492408637,2.757107326253287
1660221953.1653159,46,1660221953,148266077,,59.29996058052381,18.730953925046947,2.906688891885122
1660221954.1654935,47,1660221954,148149013,,59.29996229225783,18.730934032858386,2.5218795429175733
1660221955.1643107,48,1660221955,149105072,,59.29996503568228,18.730945584277038,2.7692056909683447
1660221956.1679819,49,1660221956,149260997,,59.29996237259517,18.730951320050053,2.867074524170008
1660221957.173911,50,1660221957,148211956,,59.29995967444906,18.73095400984971,2.903690456639093
1660221958.1718595,51,1660221958,148775100,,59.29995781160115,18.730924830901586,2.3208545260983704
1660221959.169903,52,1660221959,148622989,,59.29995679194204,18.730919941191132,2.222900444434424
1660221960.165758,53,1660221960,148323059,,59.299956880352134,18.730924596694877,2.316580050942498
1660221961.1698947,54,1660221961,149203062,,59.29996022955625,18.73093067314562,2.4466314785524874
1660221962.1704433,55,1660221962,148819923,,59.29996090240966,18.730932294245804,2.479902083078868
1660221963.1684482,56,1660221963,149302959,,59.299962252056204,18.73093423433602,2.5264112685211555
1660221964.1734583,57,1660221964,148380994,,59.29996328294917,18.730942293312182,2.698230299576007
1660221965.1682239,58,1660221965,149442911,,59.29996465370935,18.73094793324492,2.8109940081351192
1660221966.1679635,59,1660221966,148726940,,59.29996565520832,18.730955011697233,2.955843186703227
1660221967.1781166,60,1660221967,148374080,,59.299963137716624,18.730960562006544,3.048261258822311
1660221968.178668,61,1660221968,147998094,,59.29996733457286,18.730983138225838,3.3571188649754355
1660221969.1710389,62,1660221969,148781061,,59.29996595775703,18.73098747847655,3.380911322603094
1660221970.1673374,63,1660221970,149275064,,59.29996349188972,18.730973869973695,3.2464968176612095
1660221971.1772206,64,1660221971,148680925,,59.299963286436096,18.730980005216338,3.2955725678735583
1660221972.1698868,65,1660221972,148251056,,59.29996537624525,18.730982188322514,3.332890207969719
1660221973.1670346,66,1660221973,148519039,,59.29996622335164,18.730994234394075,3.4403862082181993
1660221974.1852448,67,1660221974,148701906,,59.29996702144675,18.730995860184635,3.4637478657946374
1660221975.1678867,68,1660221975,149105072,,59.29996635608429,18.730997831933564,3.4716800879071825
1660221976.1703095,69,1660221976,148473024,,59.29996526936431,18.730974842514456,3.269381158970195
1660221977.1716306,70,1660221977,148417949,,59.29997133527362,18.730989707907952,3.4553554234107087
1660221978.1647499,71,1660221978,148833990,,59.29997994976558,18.73102914717765,3.861913683051912
1660221979.168274,72,1660221979,148582935,,59.29998366436718,18.731040583242134,3.937321459757405
1660221980.1695087,73,1660221980,148175954,,59.29999123109898,18.73106315428754,4.102861461291439
1660221981.1637022,74,1660221981,148566961,,59.29999618442733,18.73107991525353,4.212057941699561
1660221982.164669,75,1660221982,148359060,,59.3000014841335,18.731093558678708,4.246441966428911
1660221983.1675713,76,1660221983,148665904,,59.300001774874545,18.73109017199249,4.24435564508874
1660221984.1729896,77,1660221984,148298025,,59.29999612792875,18.731070417494266,4.171455089873032
1660221985.1641219,78,1660221985,147850036,,59.299992616940486,18.731055463309758,4.062679373526399
1660221986.1685448,79,1660221986,148138046,,59.29999683414229,18.73106657223775,4.150303372732872
1660221987.1691332,80,1660221987,148215055,,59.29999894479066,18.73107374318397,4.206096068561849
1660221988.1653736,81,1660221988,149175882,,59.29999968283815,18.731069729313276,4.183453632825822
1660221989.1675184,82,1660221989,148165941,,59.300004629918604,18.731087970667886,4.252504316710283
1660221990.1657097,83,1660221990,148180961,,59.30000481945502,18.73107977926054,4.2559424936762
1660221991.169186,84,1660221991,149064064,,59.3000109856065,18.731089496634695,4.1813643232422475
1660221992.16337,85,1660221992,148253917,,59.30000700025927,18.731076294790228,4.241247124919612
1660221993.1761315,86,1660221993,148840904,,59.30000501569318,18.731081147470377,4.255328962236214
1660221994.1682937,87,1660221994,148930072,,59.30000561789342,18.73109108150402,4.2574246828944435
1660221995.1720688,88,1660221995,148021936,,59.30000581374248,18.73109525179791,4.255458983610246
1660221996.1652534,89,1660221996,148152112,,59.30000847320413,18.73110214929079,4.214597022630527
1660221997.164035,90,1660221997,148152112,,59.30000990308879,18.731106277295794,4.203269898702112
1660221998.165082,91,1660221998,148561000,,59.30001064888008,18.731108587968265,4.197766326104314
1660221999.1687021,92,1660221999,148225069,,59.300010901320654,18.731112271620646,4.204621250975699
1660222000.1664562,93,1660222000,149522066,,59.30000716095512,18.731105577465314,4.239844678014328
1660222001.1754189,94,1660222001,148482084,,59.30000617740233,18.73109257049248,4.248963697530283
1660222002.1644142,95,1660222002,148369073,,59.30000807537669,18.73109031792933,4.223301923346553
1660222003.1718385,96,1660222003,148029088,,59.30000904558192,18.731087920778464,4.210802540116717
1660222004.168775,97,1660222004,148308038,,59.30000848603035,18.73109473823979,4.2159777281127475
1660222005.1686468,98,1660222005,148233890,,59.30000913994547,18.731104119630572,4.207895013710534
1660222006.1768494,99,1660222006,148148059,,59.30001018315335,18.731104573863718,4.19477937576846
1660222007.1740751,100,1660222007,148941040,,59.30001256346386,18.731115108870313,4.186726428705476
1660222008.1756394,101,1660222008,148165941,,59.30001570541975,18.73113004589345,4.180529129097686
1660222009.1649601,102,1660222009,148034095,,59.30001553747332,18.731110779858454,4.133436638979754
1660222010.1728168,103,1660222010,148627042,,59.30001643952169,18.731113254590355,4.125358764941472
1660222011.17049,104,1660222011,149043083,,59.300017538053616,18.73112221866029,4.1323236592047765
1660222012.169372,105,1660222012,148292064,,59.30001997471166,18.73113327676674,4.150070284148372
1660222013.168862,106,1660222013,148142099,,59.300022817908236,18.731148945489963,4.272232999769778
1660222014.1647115,107,1660222014,148173093,,59.30002496798334,18.731166164711,4.468786031524232
1660222015.1684487,108,1660222015,148297071,,59.30002599024924,18.731175949823182,4.605476794224733
1660222016.1787465,109,1660222016,148170948,,59.30002707479206,18.731191079237988,4.918328892759613
1660222017.1667967,110,1660222017,148154973,,59.30002744525157,18.731200187617333,5.184502135345799
1660222018.1681511,111,1660222018,148319005,,59.30002477559628,18.731178295203563,4.66913519403764
1660222019.1749887,112,1660222019,149326086,,59.300022890767174,18.731151234840354,4.296440857789483
1660222020.1650279,113,1660222020,148638010,,59.3000268767011,18.73116346655206,4.388041889025398
1660222021.1687207,114,1660222021,147959947,,59.300027574638044,18.73116562250118,4.410301592295738
1660222022.165363,115,1660222022,147783041,,59.300029865732505,18.731185128215202,4.6732500508598775
1660222023.1656456,116,1660222023,148066043,,59.30002995323278,18.731183187390798,4.628745373120219
1660222024.166937,117,1660222024,148102998,,59.30002969871436,18.731177485896637,4.550273615892388
1660222025.1658964,118,1660222025,148092985,,59.3000336897983,18.731198740856826,4.995670751688351
1660222026.1665852,119,1660222026,148224115,,59.30003237925077,18.731192477805507,4.817561244436482
1660222027.1668293,120,1660222027,148705959,,59.30003185919193,18.731208749955158,5.287290437418551
1660222028.1666138,121,1660222028,148396015,,59.30003234095143,18.731216395344745,5.49665136079074
1660222029.1648557,122,1660222029,148263931,,59.30003214251349,18.73122226359783,5.685072555858885
1660222030.1649642,123,1660222030,148436069,,59.30003353628423,18.731238829898984,6.183322791553653
1660222031.1699944,124,1660222031,148864984,,59.300037550834475,18.731250553855716,6.705358238244888
1660222032.1749094,125,1660222032,148001909,,59.30003945717165,18.73125794679231,7.032844881525533
1660222033.181293,126,1660222033,147742033,,59.300039255100174,18.731246011959115,6.566381519567397
1660222034.165022,127,1660222034,147900104,,59.300040222159446,18.731252003104146,6.8202223455724065
1660222035.1674922,128,1660222035,147830009,,59.300038957584526,18.73126000571301,7.0989505679676626
1660222036.170505,129,1660222036,148392915,,59.300038072352656,18.731262532366145,7.176881018413125
1660222037.168941,130,1660222037,147775888,,59.30004045301968,18.731264265581217,7.297838366111629
1660222038.1730976,131,1660222038,148106098,,59.30003929157801,18.73127051313861,7.4707353028411285
1660222039.1614566,132,1660222039,147902965,,59.300039812300284,18.731284673502387,7.920924442988907
1660222040.1671517,133,1660222040,148529052,,59.30003813269923,18.731288163976387,7.98378424606305
1660222041.1677911,134,1660222041,149714946,,59.30003726498618,18.731289822094027,8.009985180342285
1660222042.165234,135,1660222042,147778987,,59.30003713958719,18.73128991517399,8.009540275998257
1660222043.1684432,136,1660222043,147711038,,59.30003353463859,18.731308070900468,8.216982707550295
1660222044.171031,137,1660222044,148104906,,59.3000341282174,18.731301582783658,8.137460918532428
1660222045.1666017,138,1660222045,149436950,,59.30003366777484,18.731288888765903,7.883029412281708
1660222046.1717427,139,1660222046,148195028,,59.30003315175662,18.731277588351986,7.5318032947391025
1660222047.1631198,140,1660222047,147789001,,59.30003380578217,18.731273425747077,7.424430827022907
1660222048.165745,141,1660222048,147758007,,59.30003304976774,18.731289488947823,7.881837718847294
1660222049.1662357,142,1660222049,147840023,,59.300028217669784,18.73132037313303,8.321760916684678
1660222050.1654077,143,1660222050,148156881,,59.30002561580271,18.731340358384614,8.526671930731855
1660222051.1677043,144,1660222051,148205995,,59.30002320236924,18.731368336095784,8.966122416173992
1660222052.1768425,145,1660222052,148221015,,59.3000224166742,18.731384708511882,9.185042159822917
1660222053.1647463,146,1660222053,147919893,,59.300023321802804,18.73139253579643,9.23951465750055
1660222054.169323,147,1660222054,148099899,,59.30002465142501,18.731398389526134,9.251483406606456
1660222055.172003,148,1660222055,148056983,,59.30002388017662,18.731423501357767,9.211393578302749
1660222056.1719503,149,1660222056,148221969,,59.30002449165964,18.731428756041055,9.19611186324885
1660222057.1652951,150,1660222057,148063898,,59.30002437868936,18.731440293168134,9.311045648216625
1660222058.1756082,151,1660222058,148407936,,59.30002450522988,18.73144890883259,9.390697015556855
1660222059.1653602,152,1660222059,148866891,,59.300025643951415,18.73146694172692,9.780112382595503
1660222060.1708794,153,1660222060,147726058,,59.30002790528256,18.73147571404479,10.014406870679883
1660222061.1769054,154,1660222061,148063898,,59.300028055681075,18.731472484210713,9.919545098120327
1660222062.1658382,155,1660222062,148582935,,59.300028103741944,18.731480049521792,10.137069148032186
1660222063.1672225,156,1660222063,148526906,,59.300027984580744,18.731473306867883,9.944935866957284
1660222064.1660256,157,1660222064,147680044,,59.30003051169717,18.73149986309386,10.566556097035289
1660222065.1704664,158,1660222065,147784948,,59.30002823110918,18.731472831158158,9.92913316491499
1660222066.1746008,159,1660222066,147968053,,59.30002281555534,18.731416899343913,9.262028957582379
1660222067.1650498,160,1660222067,147814989,,59.30002372372647,18.731411412117723,9.257609629107552
1660222068.164953,161,1660222068,148536920,,59.30002435310939,18.73141280868026,9.235042339813116
1660222069.1782656,162,1660222069,148173093,,59.30002660873024,18.731420487379182,9.14821664848941
1660222070.1644995,163,1660222070,149893045,,59.3000294351812,18.731425539264706,9.069630202710009
1660222071.1696846,164,1660222071,148941993,,59.300030886055346,18.731433124521118,9.105888099096285
1660222072.1676338,165,1660222072,147814989,,59.30002787347758,18.731447349113523,9.322824385567538
1660222073.170511,166,1660222073,148211956,,59.300027535362226,18.731458810782897,9.53354901031912
1660222074.1670597,167,1660222074,147944927,,59.30002690583286,18.73148549070652,10.26532591295767
1660222075.167386,168,1660222075,148336887,,59.3000278530045,18.73147308674106,9.937682503311784
1660222076.1686065,169,1660222076,148186922,,59.300028768823765,18.731482811918795,10.20390286847491
1660222077.165094,170,1660222077,147993087,,59.300028887469296,18.731458895932633,9.520746547148168
1660222078.1655133,171,1660222078,147944927,,59.3000325321442,18.731478441167383,10.080912751651605
1660222079.163267,172,1660222079,147811889,,59.30004160430403,18.731505975177015,10.694549824340863
1660222080.1794178,173,1660222080,148430109,,59.30005228590879,18.731538366450877,11.322607889263903
1660222081.1795344,174,1660222081,148289918,,59.300057815359345,18.731542794118468,11.495317326856142
1660222082.1725342,175,1660222082,148895025,,59.300053259845846,18.731521276921967,11.009036446245098
1660222083.1635265,176,1660222083,147907018,,59.30005861915016,18.731533651899895,11.310747703738492
1660222084.1634176,177,1660222084,147779941,,59.30006424567561,18.731546988034665,11.4891980464518
1660222085.168589,178,1660222085,147937059,,59.30006814258267,18.731553556940185,11.510918856153536
1660222086.1675837,179,1660222086,147945880,,59.300073531302864,18.73157131297819,11.736101800678107
1660222087.1664202,180,1660222087,147944927,,59.30007412853311,18.73157520608038,11.814452390272805
1660222088.1819544,181,1660222088,148169040,,59.300074863871146,18.731573811581598,11.758909900064316
1660222089.1689987,182,1660222089,148240089,,59.30007733315502,18.73157719261087,11.770669882699067
1660222090.1706645,183,1660222090,147727012,,59.30008183353679,18.73158458708076,11.835477718709232
1660222091.1708815,184,1660222091,147706985,,59.300083543833196,18.731587650847473,11.869437151702536
1660222092.1684377,185,1660222092,148394107,,59.30008601413305,18.731585675191127,11.74722353284399
1660222093.1674879,186,1660222093,148159027,,59.30008514031245,18.731587033335245,11.808621451020478
1660222094.166058,187,1660222094,147804975,,59.300079467032184,18.731589409308867,12.018992575345257
1660222095.165259,188,1660222095,147691011,,59.30008037112319,18.73159376003764,12.016320836788456
1660222096.1674511,189,1660222096,147888898,,59.30008554079089,18.731591340717387,11.866755864931747
1660222097.1840749,190,1660222097,148556947,,59.300100555754454,18.73157197099681,11.259909652116017
1660222098.168367,191,1660222098,148535966,,59.3001168181598,18.731548194241213,10.761588795859655
1660222099.1650841,192,1660222099,147814035,,59.30010659059085,18.73150198582175,10.235377209491329
1660222100.1661162,193,1660222100,147754907,,59.300109771211375,18.731490960476094,10.09809218141366
1660222101.1670723,194,1660222101,147665023,,59.300113308519094,18.731483348217125,9.998295827230123
1660222102.1725178,195,1660222102,149477005,,59.300116138176314,18.73150179212962,10.09142691929658
1660222103.1678438,196,1660222103,148825883,,59.30012186265968,18.731487482388616,9.797232863934278
1660222104.1724093,197,1660222104,148551940,,59.300114920016284,18.731497769024372,10.095770639327354
1660222105.1717486,198,1660222105,148753881,,59.30011713235228,18.731507363070932,10.109477449372697
1660222106.1714127,199,1660222106,148158073,,59.30011845766559,18.731522489091844,10.315886455789302
1660222107.1758265,200,1660222107,149260997,,59.300120428024755,18.73151838695003,10.187453291958368
1660222108.1711247,201,1660222108,148107051,,59.30012064521736,18.7315211391076,10.231338126073569
1660222109.1704407,202,1660222109,148188114,,59.30012233157645,18.731512514493488,10.014684425506582
1660222110.1648743,203,1660222110,148251056,,59.30012069696864,18.7314994018152,9.92027513096248
1660222111.1642027,204,1660222111,147701025,,59.30012515960765,18.731505215007928,9.810350916679344
1660222112.1720595,205,1660222112,148982048,,59.300125452079996,18.731505123761053,9.800528669065384
1660222113.167856,206,1660222113,148341894,,59.300124519081656,18.731509904716518,9.888562526534379
1660222114.1678033,207,1660222114,148166894,,59.30012617909296,18.731509072827293,9.813529290949077
1660222115.1680167,208,1660222115,148550987,,59.30012301714884,18.731511984726353,9.98232078429824
1660222116.1651065,209,1660222116,148497104,,59.30012401816875,18.731507712102484,9.865658934250753
1660222117.173417,210,1660222117,147679090,,59.30012376341826,18.731519883960345,10.116980859741437
1660222118.1646597,211,1660222118,147737026,,59.30012438094799,18.73152022502279,10.106376544164652
1660222119.163465,212,1660222119,147737026,,59.30012147998283,18.731545653233297,10.624680637052512
1660222120.1796353,213,1660222120,147984027,,59.30011783552423,18.731567654683886,11.00513080391132
1660222121.1637182,214,1660222121,147892951,,59.30012050318313,18.73153488527464,10.489293602102803
1660222122.1711805,215,1660222122,147830009,,59.30012059350592,18.731534320000378,10.480098551223225
1660222123.1795113,216,1660222123,148184061,,59.300115316852484,18.73154586246119,10.761488624357504
1660222124.1631327,217,1660222124,147908926,,59.300111070960284,18.731544031512954,10.771241756995718
1660222125.1635015,218,1660222125,147743940,,59.30010924942657,18.731539220476066,10.700960108293389
1660222126.1633496,219,1660222126,148344993,,59.3001086736799,18.731526075901456,10.51770905379346
1660222127.163142,220,1660222127,147666931,,59.30010031891227,18.731534694909897,10.635982753269106
1660222128.1673565,221,1660222128,147778034,,59.300100815043145,18.731543710472806,10.772344663454628
1660222129.183471,222,1660222129,147772073,,59.30009662606575,18.73155063012007,10.882778884263622
1660222130.1669478,223,1660222130,148086071,,59.30009264712462,18.731551234345034,10.895172747624652
1660222131.170423,224,1660222131,148288011,,59.30009282120142,18.73155173876637,10.905433554106992
1660222132.1623626,225,1660222132,147703886,,59.30009322574737,18.731521887638223,10.535154873623638
1660222133.1674793,226,1660222133,148552894,,59.30009197273822,18.73151437026968,10.484410868165078
1660222134.167408,227,1660222134,148169040,,59.30009488273955,18.73152296992032,10.537349241703563
1660222135.172268,228,1660222135,147788047,,59.30009789135675,18.73151693509749,10.4636888292659
1660222136.1658442,229,1660222136,148657083,,59.30011051580713,18.731505823913494,10.239905007027874
1660222137.1655176,230,1660222137,147644996,,59.3000873384155,18.731497237683698,10.334985308737119
1660222138.165338,231,1660222138,147708892,,59.300086476242306,18.731492010815032,10.272013739619116
1660222139.1730716,232,1660222139,148135900,,59.30008705516753,18.731478705253494,10.08278010655347
1660222140.1628783,233,1660222140,147705078,,59.30008673167101,18.731465940825046,9.840155499130228
1660222141.169166,234,1660222141,147656917,,59.30008854606374,18.73145385050816,9.626746649799836
1660222142.1690896,235,1660222142,147623062,,59.30008993715605,18.731440048194372,9.37639567334823
1660222143.1667023,236,1660222143,148156881,,59.300092634997036,18.731428732610084,9.181214394387023
1660222144.1618512,237,1660222144,147809982,,59.30009227019796,18.731428118075655,9.165814224330068
1660222145.165766,238,1660222145,147878885,,59.3000934051696,18.73142089023827,9.017888733622026
1660222146.1672578,239,1660222146,147675037,,59.30009424529026,18.731418548381043,8.96924568038849
1660222147.1674109,240,1660222147,148268938,,59.30009535160751,18.7314103328589,8.782991907986021
1660222148.1620593,241,1660222148,147670030,,59.30009306757125,18.73141366919276,8.864699712593996
1660222149.16704,242,1660222149,149164915,,59.300088936573445,18.731422095885478,9.034186140487131
1660222150.1702623,243,1660222150,148303985,,59.30009252404607,18.731412750319123,8.84564752029513
1660222151.1639223,244,1660222151,147759914,,59.300094860380455,18.73140621554353,8.694918406385284
1660222152.1659684,245,1660222152,148828029,,59.30009136807402,18.73141338219739,8.861364037127592
1660222153.1800537,246,1660222153,148212909,,59.30009595025452,18.731401299646564,8.576474778583234
1660222154.1628249,247,1660222154,147739887,,59.300083143290756,18.73143091199438,9.13086690927305
1660222155.1650994,248,1660222155,147721052,,59.30008519937569,18.731420286478283,8.998297881910648
1660222156.164132,249,1660222156,147686958,,59.3000923545951,18.731399012870725,8.573503126764722
1660222157.1637342,250,1660222157,147748947,,59.30009256675492,18.73139562963229,8.544057926321189
1660222158.167865,251,1660222158,147854089,,59.30009157818293,18.731386102759984,8.483265300900419
1660222159.1667073,252,1660222159,147718906,,59.300096330927154,18.731379458363108,8.377020983492667
1660222160.1672916,253,1660222160,147645950,,59.30010197220339,18.73137144845532,8.267119984917336
1660222161.1674302,254,1660222161,147655963,,59.300104097017005,18.731364518527926,8.270883485765825
1660222162.167294,255,1660222162,147770881,,59.30010884343515,18.731357119240215,8.25966765620937
1660222163.1635752,256,1660222163,148370027,,59.30012168940985,18.731358810327038,8.188356136269148
1660222164.1629224,257,1660222164,147681951,,59.30011913364638,18.731359614691087,8.18333658487093
1660222165.163365,258,1660222165,148256063,,59.30011902944952,18.731374731424467,8.04640260693284
1660222166.1682005,259,1660222166,147695064,,59.30012075817171,18.73137010584719,8.042094258997402
1660222167.1627617,260,1660222167,147658109,,59.300120371451186,18.731364118831834,8.124968847528043
1660222168.1663265,261,1660222168,147741079,,59.30012087422149,18.731360336372745,8.168108084798291
1660222169.1659205,262,1660222169,147659063,,59.30012268439759,18.73135629786634,8.218728693648483
1660222170.1663942,263,1660222170,147625923,,59.3001215140999,18.73134919549102,8.317162187145538
1660222171.1704493,264,1660222171,147665977,,59.300121337543395,18.73134314502829,8.302446072401123
1660222172.163655,265,1660222172,147674083,,59.30011373320624,18.731342844035908,8.217955300004801
1660222173.1776469,266,1660222173,147728919,,59.30011111388958,18.731341030125805,8.204878563492697
1660222174.1651502,267,1660222174,147741079,,59.300106066313205,18.731336406617515,8.18670160271307
1660222175.1706786,268,1660222175,148140907,,59.30010166152828,18.73133207789033,8.189940344273568
1660222176.163258,269,1660222176,147767066,,59.30010451394813,18.731336993009336,8.211027318296642
1660222177.1666422,270,1660222177,148014068,,59.30008986517359,18.73134791982511,8.403988248281275
1660222178.1630304,271,1660222178,147661924,,59.30008770969928,18.731359970163453,8.420945382751414
1660222179.1652262,272,1660222179,147733926,,59.30010338735576,18.731354035107415,8.30968588222716
1660222180.1672907,273,1660222180,147620916,,59.300103642927986,18.731352692302835,8.312966724980202
1660222181.1677446,274,1660222181,147689104,,59.30010827930356,18.73134971215063,8.295914636327336
1660222182.1629195,275,1660222182,147651910,,59.300107197958305,18.73134854566365,8.306169281954395
1660222183.1634233,276,1660222183,147825956,,59.30010577478812,18.73134717120206,8.320487180600079
1660222184.1631336,277,1660222184,148313045,,59.30011020953285,18.73134520396934,8.283242699647902
1660222185.1645582,278,1660222185,148220062,,59.30010964515774,18.73134482760497,8.279912844883302
1660222186.1642675,279,1660222186,147850990,,59.30009887532255,18.731351676116674,8.346760786370048
1660222187.1666672,280,1660222187,148355960,,59.30009931636982,18.73134847442975,8.351506052335644
1660222188.1653783,281,1660222188,147660970,,59.30010767690253,18.731338105907298,8.192917170213772
1660222189.1628811,282,1660222189,147753953,,59.300112648307,18.731331861269837,8.025037046400415
1660222190.1607623,283,1660222190,147789955,,59.3001209300169,18.731322684038332,7.932862669351936
1660222191.1667814,284,1660222191,147744894,,59.30012373873374,18.731317098237923,7.832296236168439
1660222192.1660957,285,1660222192,147650003,,59.300122531857,18.73131493255005,7.7359317566109285
1660222193.1622403,286,1660222193,147664070,,59.30013393984743,18.731299994946994,7.288139394855271
1660222194.162745,287,1660222194,147645950,,59.30013695802786,18.73129619798374,7.1534200971176745
1660222195.172603,288,1660222195,148521900,,59.30013735698198,18.73129387003314,7.061555653630405
1660222196.17282,289,1660222196,147670984,,59.300139223283644,18.731289808083716,6.949833849608542
1660222197.1652024,290,1660222197,147733926,,59.30013841816512,18.73129225990374,7.002332598176115
1660222198.1641846,291,1660222198,147800922,,59.30014120124779,18.73128872487723,6.914191093112393
1660222199.1616464,292,1660222199,147682905,,59.30015459121213,18.731259481344523,6.066969457511091
1660222200.164203,293,1660222200,147629976,,59.30016199127465,18.731244405390726,5.981444570320434
1660222201.1611583,294,1660222201,147655010,,59.300166814117475,18.731226514694868,5.792326341877383
1660222202.164611,295,1660222202,147814989,,59.300147728274005,18.731255516937836,6.158377230212261
1660222203.1632173,296,1660222203,148472070,,59.300147712022245,18.7312418732198,6.049023670124072
1660222204.1677816,297,1660222204,147967100,,59.30014155772996,18.73124723136368,6.1441252441334555
1660222205.162412,298,1660222205,147701978,,59.300137253424374,18.731249443062097,6.141103684864808
1660222206.166702,299,1660222206,147828102,,59.30013859348924,18.73124559064297,6.103324866182479
1660222207.165039,300,1660222207,147711992,,59.30013848556213,18.73124353164667,6.071386848445972
1660222208.1624517,301,1660222208,147689104,,59.300137892018064,18.731240242910985,6.017374008827773
1660222209.1743398,302,1660222209,147660970,,59.30013846181131,18.731237852127492,5.989798616900482
1660222210.1677322,303,1660222210,147682905,,59.3001384369997,18.73123247803153,5.909376501054676
1660222211.165199,304,1660222211,147825002,,59.30013776193535,18.73122963085018,5.857731853569053
1660222212.1628423,305,1660222212,147617101,,59.30013504671154,18.73123112568146,5.833024459849619
1660222213.1660388,306,1660222213,147682905,,59.30013856150403,18.731223881669166,5.787657364249936
1660222214.1690748,307,1660222214,147716999,,59.30014045699801,18.731222361391588,5.801065398268526
1660222215.162031,308,1660222215,147722959,,59.300143946863706,18.731216192652028,5.705815708248951
1660222216.1623037,309,1660222216,147732019,,59.30014939807216,18.73120822874091,5.553671865633855
1660222217.1614127,310,1660222217,147828102,,59.300151682323566,18.731204141272542,5.458365590103586
1660222218.1721673,311,1660222218,147831916,,59.30015767721277,18.7311940042257,5.179794008048972
1660222219.1680236,312,1660222219,148009061,,59.30015174954037,18.73119856037829,5.346224987062931
1660222220.1685717,313,1660222220,147772073,,59.30015295340207,18.731194390984115,5.248404082245273
1660222221.1655433,314,1660222221,147731065,,59.30013682612285,18.731209526229122,5.537246176792919
1660222222.1624665,315,1660222222,147795915,,59.30013526779207,18.731206002828117,5.448266325911239
1660222223.1604435,316,1660222223,147677898,,59.300133562855336,18.73120535199132,5.398016160873196
1660222224.1696622,317,1660222224,147643089,,59.300133548259666,18.73120318699455,5.361593386406928
1660222225.1708188,318,1660222225,147666931,,59.30013461002619,18.731203477178724,5.393327797014499
1660222226.1612382,319,1660222226,147650957,,59.30013476184755,18.73120471151026,5.415804517069701
1660222227.1622205,320,1660222227,147738933,,59.30013593197467,18.731204449119787,5.439917123252557
1660222228.1685386,321,1660222228,147862911,,59.300135155634976,18.731204883843475,5.430070300527236
1660222229.1835282,322,1660222229,148091077,,59.30013601481991,18.731208760256095,5.5075546664887485
1660222230.1628559,323,1660222230,147774934,,59.30013402728483,18.731212638067404,5.526540230727866
1660222231.1670284,324,1660222231,147845029,,59.30013794256768,18.731211219274883,5.58828563793263
1660222232.1681874,325,1660222232,147682905,,59.30014298672414,18.731210736615367,5.630440344972579
1660222233.1680145,326,1660222233,147770881,,59.300145565942614,18.731210579867252,5.614811900172194
1660222234.1654947,327,1660222234,147767066,,59.30014853863898,18.731213759017237,5.650373875308565
1660222235.1665626,328,1660222235,147772073,,59.30015165312212,18.731214331922274,5.648141966540513
1660222236.1681316,329,1660222236,147919893,,59.30015463587634,18.73121455874582,5.638523354203346
1660222237.1632392,330,1660222237,147768020,,59.300160347703795,18.73121701050104,5.656494721661237
1660222238.161831,331,1660222238,148169040,,59.30017399626138,18.731224314999622,5.568718069905774
1660222239.1653883,332,1660222239,147811889,,59.30017769925644,18.731230057073844,5.521256317928471
1660222240.165467,333,1660222240,147669076,,59.300175073008894,18.731231377155382,5.6235805305056585
1660222241.1691668,334,1660222241,147715091,,59.300140599589064,18.731213209337056,5.6746014602834585
1660222242.1632893,335,1660222242,147716045,,59.30012861624717,18.731199710833607,5.190878052887796
1660222243.1651137,336,1660222243,147809028,,59.3001408280901,18.73120581881699,5.569669309026267
1660222244.1717308,337,1660222244,147809028,,59.30014324691859,18.73121546891275,5.696360046728092
1660222245.1658337,338,1660222245,147813081,,59.3001457744756,18.731218310852796,5.729441203872481
1660222246.1656554,339,1660222246,147790908,,59.30013978264702,18.73121408586087,5.670100449443041
1660222247.1647847,340,1660222247,147747993,,59.300140721400965,18.73121959374089,5.767842238904967
1660222248.1694877,341,1660222248,147783994,,59.30014462059116,18.731225125205356,5.834534343740723
1660222249.1634169,342,1660222249,147794961,,59.30014238456779,18.731228496507583,5.890056594915828
1660222250.1661687,343,1660222250,148262977,,59.30014734635084,18.731261542030666,6.216681482887231
1660222251.166976,344,1660222251,147964954,,59.30014765587603,18.731268852977905,6.3077343128356125
1660222252.1715584,345,1660222252,148222923,,59.300151158304274,18.731279301115933,6.4080317345894615
1660222253.1635387,346,1660222253,148503065,,59.30016025180412,18.731272715526416,6.055791014522139
1660222254.163377,347,1660222254,147717952,,59.300157969616926,18.731269319542207,6.06663851909747
1660222255.1644585,348,1660222255,147862911,,59.30016192059245,18.731267312456907,5.946400199384985
1660222256.1715157,349,1660222256,147736072,,59.300164134777965,18.731283584126004,6.071833581583375
1660222257.165601,350,1660222257,147761106,,59.30016125927843,18.73129738645366,6.4887796905186965
1660222258.16355,351,1660222258,147764921,,59.300158993248864,18.731298934791198,6.636563769722567
1660222259.1628056,352,1660222259,147870063,,59.3001569493907,18.731292094696983,6.424258728539035
1660222260.1634154,353,1660222260,147895097,,59.300156422072526,18.73131322789152,7.33276176560909
1660222261.16609,354,1660222261,147741079,,59.300159285665494,18.731311315714038,7.1467263773969165
1660222262.170989,355,1660222262,147847890,,59.300159677632315,18.731316577935672,7.354910262216792
1660222263.1625314,356,1660222263,147711038,,59.300162065574625,18.731324386424603,7.5031420053759526
1660222264.1644964,357,1660222264,148149967,,59.30016333311965,18.731337419140687,7.761904077903903
1660222265.1639483,358,1660222265,147677898,,59.300164572430795,18.73133843200651,7.751318477264061
1660222266.169973,359,1660222266,147840976,,59.300162210839346,18.731336939894277,7.7835797121181605
1660222267.163952,360,1660222267,148056983,,59.300159926722515,18.731341398114296,7.948568855722968
1660222268.1650116,361,1660222268,148173093,,59.30015928536604,18.731335834034326,7.846769277861539
1660222269.1718278,362,1660222269,147716045,,59.300159337209195,18.731328240866333,7.677654899720382
1660222270.1628203,363,1660222270,147840023,,59.300156155138176,18.73133817578082,7.987498859005303
1660222271.1619608,364,1660222271,147779941,,59.30015165022535,18.731316123692295,7.6257983376058265
1660222272.162847,365,1660222272,147728919,,59.30015809067868,18.731332041215865,7.798998144524199
1660222273.1652226,366,1660222273,148366928,,59.30016092052068,18.731339936012546,7.89008743969741
1660222274.165549,367,1660222274,147716999,,59.300157263518905,18.731333023847583,7.845759441261941
1660222275.1658306,368,1660222275,147676944,,59.30015613286044,18.731334053176624,7.9037350667693955
1660222276.171139,369,1660222276,148246049,,59.30015631704488,18.731336204790978,7.941031942963276
1660222277.1653428,370,1660222277,148582935,,59.30015886456578,18.731346404706528,8.07977938335354
1660222278.1644,371,1660222278,147754907,,59.30016491382185,18.731372506142293,7.7048928722062975
1660222279.1652212,372,1660222279,148914098,,59.30016404319528,18.731359268044685,7.827983942641418
1660222280.1646316,373,1660222280,147753000,,59.30016573664396,18.731362091893516,7.785757596227212
1660222281.1660314,374,1660222281,148634910,,59.30017451799627,18.73140051422172,7.357835004436351
1660222282.1671994,375,1660222282,148173093,,59.30016769451588,18.731388731482525,7.698336114807537
1660222283.1643407,376,1660222283,147891044,,59.30018492955592,18.73146150472212,7.479143741361863
1660222284.1623185,377,1660222284,147772073,,59.300189447893814,18.731479097134525,7.644142614752343
1660222285.1694615,378,1660222285,147813081,,59.30019225997305,18.73149132817025,7.779555295498238
1660222286.1671822,379,1660222286,147892951,,59.300189006353186,18.73148063114604,7.701631544380415
1660222287.1708705,380,1660222287,149117946,,59.300187612563946,18.73146679002025,7.457870677916412
1660222288.1639695,381,1660222288,147747993,,59.3001899297882,18.731469851642487,7.408200534528746
1660222289.1681938,382,1660222289,148114919,,59.30018683658081,18.731461604101924,7.380899852873889
1660222290.174745,383,1660222290,147664070,,59.30018428545157,18.731457299515682,7.4212549290071514
1660222291.1674225,384,1660222291,147836923,,59.300193427566086,18.731487532609208,7.63959121292382
1660222292.1626987,385,1660222292,147849082,,59.300192359052154,18.73148703167567,7.680396455664096
1660222293.1636746,386,1660222293,147650003,,59.30018067746358,18.731470703390073,7.899912340187822
1660222294.1674178,387,1660222294,147789001,,59.30018232841749,18.7314693901734,7.786533787897885
1660222295.1647258,388,1660222295,147799968,,59.300181125921334,18.731462292927517,7.696057390719006
1660222296.166747,389,1660222296,147680044,,59.30018199613269,18.731462148983155,7.6484061646189625
1660222297.1653755,390,1660222297,147735118,,59.300189014297864,18.731474889308856,7.568619884779919
1660222298.1635447,391,1660222298,147677898,,59.30019624468117,18.731488262490075,7.60461593238087
1660222299.1678052,392,1660222299,147876024,,59.3002005893875,18.731496286539823,7.8074016237440755
1660222300.16754,393,1660222300,147679090,,59.300206797413104,18.731505396264197,8.044945543325799
1660222301.1645916,394,1660222301,147907018,,59.300203846809836,18.731499268148127,7.892757033886118
1660222302.1624756,395,1660222302,147631883,,59.300213351320714,18.73150941863628,8.155672171404126
1660222303.1648624,396,1660222303,147739887,,59.30022124729499,18.731515401947263,8.276321423223154
1660222304.1662738,397,1660222304,148200035,,59.30022135644082,18.73151474537974,8.268779537706134
1660222305.1695404,398,1660222305,147965908,,59.30022083126725,18.731514053971296,8.256830588348803
1660222306.1687152,399,1660222306,148217916,,59.300226989429426,18.73152156099502,8.216643412265482
1660222307.1668057,400,1660222307,148091077,,59.30024355214808,18.731529603456465,7.827840359198562
1660222308.1717134,401,1660222308,148128032,,59.30024224569282,18.731528943160356,7.858918358860656
1660222309.1744568,402,1660222309,147855997,,59.300237760259584,18.731521126002576,7.898549831637647
1660222310.1717112,403,1660222310,147949934,,59.300236512242364,18.731514028916195,7.850984986087697
1660222311.1675255,404,1660222311,151657104,,59.300237293488074,18.73150653654875,7.7222868490115815
1660222312.1714144,405,1660222312,147640943,,59.3002486667129,18.731513391367457,7.50643205582937
1660222313.1647913,406,1660222313,148178100,,59.30025345497092,18.731519554166994,7.374388900208449
1660222314.1694272,407,1660222314,148112058,,59.300255606284395,18.731527509572743,7.431505600269579
1660222315.1619503,408,1660222315,147880077,,59.30025560137872,18.73152597311423,7.403906042316555
1660222316.163434,409,1660222316,147654056,,59.30025696875804,18.731527955007778,7.397371548110475
1660222317.1730344,410,1660222317,147784948,,59.300255098793066,18.73152641583738,7.426935455069729
1660222318.1656291,411,1660222318,148005962,,59.300253508154654,18.731523562227494,7.434187358565364
1660222319.1627617,412,1660222319,147795915,,59.30025328018461,18.731528339121496,7.517821386357287
1660222320.1670675,413,1660222320,147716999,,59.300254729521306,18.73153816655679,7.661245195493619
1660222321.165383,414,1660222321,147838115,,59.3002523609605,18.73154016038518,7.7625457300950815
1660222322.1638145,415,1660222322,147731065,,59.300255381453674,18.731552013207192,7.9617852200797845
1660222323.1650913,416,1660222323,147808074,,59.30025677454651,18.73156164236775,8.141697203260005
1660222324.1745107,417,1660222324,148477077,,59.30025807968583,18.73156251533169,8.128781969407552
1660222325.1611907,418,1660222325,147696971,,59.30025835795067,18.73156474690552,8.171429056982925
1660222326.1638322,419,1660222326,148274898,,59.30026119128477,18.731567427260757,8.133556229113616
1660222327.164887,420,1660222327,147954940,,59.30026161103878,18.731567493234024,8.121501020440117
1660222328.1661413,421,1660222328,148480892,,59.30025055401691,18.731541355676768,7.830635957425549
1660222329.162316,422,1660222329,148168087,,59.30024101290697,18.731527094742432,7.873634160855655
1660222330.1688192,423,1660222330,147717952,,59.300240568598355,18.731540262073963,8.083417142555959
1660222331.1621006,424,1660222331,147747993,,59.300245820678406,18.731542082015608,7.974139440866141
1660222332.172664,425,1660222332,147788047,,59.30023739488655,18.731540687685538,8.181198430826655
1660222333.1726,426,1660222333,147783994,,59.30023187727475,18.731543386586736,8.381326255410642
1660222334.167976,427,1660222334,147842884,,59.30023075180498,18.731545161621057,8.440658871617485
1660222335.1674562,428,1660222335,147690057,,59.30024326490974,18.73155330549139,8.280839886026149
1660222336.1642785,429,1660222336,147699117,,59.30025032289524,18.731557211025233,8.207841817195092
1660222337.1775696,430,1660222337,147669076,,59.3002526715457,18.731563286206892,8.300204113679321
1660222338.183846,431,1660222338,147700071,,59.300252105934376,18.731564903049957,8.370063215604935
1660222339.1647556,432,1660222339,147701978,,59.30025459327019,18.731568076612234,8.382873195607026
1660222340.163917,433,1660222340,148180007,,59.3002559817117,18.731570690785702,8.40332076324007
1660222341.166881,434,1660222341,147687911,,59.30024822175027,18.731566982952245,8.563002228469708
1660222342.1641278,435,1660222342,147749900,,59.30025016784344,18.731564095979138,8.399635824449797
1660222343.1664627,436,1660222343,148312091,,59.30024924749679,18.73155536036461,8.19494454193827
1660222344.170929,437,1660222344,147736072,,59.30024365770078,18.731544770774235,8.091066528990096
1660222345.1634316,438,1660222345,148070096,,59.30024116090863,18.731538173540685,8.023681312313721
1660222346.165697,439,1660222346,148063898,,59.30024712357779,18.731557158947,8.284048207672353
1660222347.1642542,440,1660222347,147727966,,59.30024525709876,18.731549852623857,8.160651808195604
1660222348.163438,441,1660222348,147810935,,59.30025024900152,18.731548094851973,7.997320828593438
1660222349.1651804,442,1660222349,147640943,,59.300247292146906,18.73153757486375,7.827494284574371
1660222350.1729162,443,1660222350,147659063,,59.3002530225698,18.73153552342137,7.6394269115461215
1660222351.1627045,444,1660222351,147690057,,59.300260902009725,18.73153826228088,7.520109150657875
1660222352.1684322,445,1660222352,147650957,,59.30026177949326,18.731535236872332,7.438009160010457
1660222353.1716318,446,1660222353,148227930,,59.300263694088876,18.731533156866362,7.336893949373378
1660222354.175504,447,1660222354,148474931,,59.30026582330715,18.731535608569857,7.354911904696787
1660222355.1705363,448,1660222355,148580074,,59.300266675288945,18.731524624465237,6.990615423602541
1660222356.1687834,449,1660222356,148514986,,59.300255600587796,18.73151971836137,7.28897006281146
1660222357.1706576,450,1660222357,149625062,,59.30025480794024,18.731524824768258,7.4097426846099
1660222358.1776693,451,1660222358,148387908,,59.30025911461751,18.731538278242624,7.5640975927920255
1660222359.165919,452,1660222359,148590087,,59.30026146704053,18.7315483927855,7.729918187392644
1660222360.1741946,453,1660222360,152183055,,59.300269710362535,18.731544396135178,7.447857841930971
1660222361.1678379,454,1660222361,148900985,,59.300262949529646,18.73154050216567,7.522348231519424
1660222362.176207,455,1660222362,148452043,,59.300257375420706,18.73152501661798,7.324682696715027
1660222363.1739628,456,1660222363,148730993,,59.30025939738184,18.731522870317917,7.204225809507935
1660222364.1693916,457,1660222364,148432970,,59.30025622882575,18.731516215166266,7.195549498016388
1660222365.1711836,458,1660222365,149411916,,59.30025518210923,18.731512191103548,7.170500329334244
1660222366.1658907,459,1660222366,148219108,,59.30025392463896,18.731507806470177,7.161296680130154
1660222367.1753623,460,1660222367,148361921,,59.30026845824963,18.731518302593486,6.715724564432617
1660222368.1696846,461,1660222368,148376941,,59.30028096479456,18.73152285105232,6.400983979635873
1660222369.1711411,462,1660222369,148207902,,59.30029285606591,18.731525381218034,6.037725223408747
1660222370.1703157,463,1660222370,148227930,,59.300296923568396,18.731514407637746,5.558946500082072
1660222371.172164,464,1660222371,148344039,,59.30027913208126,18.731521496482287,6.417598878813204
1660222372.1667268,465,1660222372,148258924,,59.300284686623776,18.73151910231627,6.12640126546808
1660222373.1684294,466,1660222373,148155927,,59.30029446415839,18.731514671727837,5.645682778162325
1660222374.1686275,467,1660222374,148452997,,59.300298707998884,18.731522723599255,5.735283050833394
1660222375.1673949,468,1660222375,148300886,,59.30030385655061,18.73152810852423,5.748369675083683
1660222376.1700811,469,1660222376,148134946,,59.30030965004547,18.73153470030752,6.0099186038148495
1660222377.1748834,470,1660222377,148592948,,59.30030920474006,18.73153750503559,6.083680137952406
1660222378.167087,471,1660222378,148452043,,59.300309992333005,18.73154042629517,6.176125205581361
1660222379.1783986,472,1660222379,148150920,,59.30032207680664,18.731560338607892,6.705741634709102
1660222380.1682687,473,1660222380,148561000,,59.300334511516546,18.731568426809417,6.4680090610293774
1660222381.167595,474,1660222381,148184061,,59.30033305516785,18.731568228515243,6.55120360508267
1660222382.1728892,475,1660222382,148312091,,59.3003309052274,18.73156446048472,6.645172674814245
1660222383.169097,476,1660222383,149283885,,59.300329732687814,18.731576893656552,6.810211740364301
1660222384.1649857,477,1660222384,147705078,,59.300330819457685,18.731579216997716,6.779656750250306
1660222385.167943,478,1660222385,148317098,,59.3003289856025,18.731586113185358,6.907434331775299
1660222386.1675708,479,1660222386,148325920,,59.30033185267592,18.731597230230477,6.941361593270828
1660222387.1662076,480,1660222387,148283958,,59.30033142796182,18.73158354852012,6.795117975358906
1660222388.1804745,481,1660222388,148257970,,59.30032705961799,18.7315766635827,6.8721859911735175
1660222389.1686304,482,1660222389,148112058,,59.300329711707,18.731578374756964,6.82220428291654
1660222390.1692457,483,1660222390,148179054,,59.30033469602168,18.731587309509905,6.716366084052738
1660222391.1716125,484,1660222391,148159027,,59.30033671543231,18.73159362691956,6.756178785562467
1660222392.1668432,485,1660222392,148165941,,59.30033593107046,18.731599346000053,6.873578174099307
1660222393.1815305,486,1660222393,148519992,,59.30033469364991,18.731600486472416,6.921193371700002
1660222394.1714954,487,1660222394,147732973,,59.30033393468972,18.73160862688394,7.0662317450251
1660222395.165374,488,1660222395,148375034,,59.300334744352156,18.731628383741395,7.39081445531984
1660222396.1655698,489,1660222396,148215055,,59.300333537404974,18.73161716305526,7.199012076228453
1660222397.1752977,490,1660222397,150021076,,59.30033596585225,18.731632624120948,7.467071455515696
1660222398.176947,491,1660222398,149312019,,59.300333911297756,18.73164618478461,7.705396854485383
1660222399.1658905,492,1660222399,148176908,,59.300333464595525,18.731653910225077,7.82783691044466
1660222400.1689296,493,1660222400,148675918,,59.30033119700897,18.73163677195464,7.542236947197134
1660222401.166714,494,1660222401,148195028,,59.30033207744576,18.731636376433244,7.534997456569021
1660222402.173251,495,1660222402,148144960,,59.300333774706004,18.731628718452612,7.403835228660255
1660222403.1658716,496,1660222403,148093938,,59.30033931708362,18.731639683082676,7.607133564809384
1660222404.1690657,497,1660222404,148192882,,59.30034214758882,18.731647070415306,7.748904066959153
1660222405.1692936,498,1660222405,148324012,,59.30033895553547,18.731649794674013,7.780146319604437
1660222406.1704125,499,1660222406,149910926,,59.30034453540316,18.731636348828715,7.5404249464710125
1660222407.168963,500,1660222407,148188114,,59.30034459173444,18.731633557143596,7.476838355783371
1660222408.172783,501,1660222408,149106979,,59.30034500060977,18.731633882648225,7.484074212684839
1660222409.1693008,502,1660222409,148124933,,59.30034400689549,18.73162652622591,7.31889831365463
1660222410.1687179,503,1660222410,148144960,,59.30034242209208,18.731624668408358,7.286329487070933
1660222411.1682606,504,1660222411,148200035,,59.300342599932094,18.73162347246887,7.256824641140478
1660222412.170779,505,1660222412,148179054,,59.30034566043568,18.73163173944431,7.432916194879384
1660222413.1787856,506,1660222413,149306058,,59.30034568651605,18.73162306657889,7.229198410935163
1660222414.169965,507,1660222414,149034976,,59.30035444413935,18.73164441388974,7.753971489626245
1660222415.1809428,508,1660222415,148161888,,59.300351165543994,18.731643605170575,7.728500785256069
1660222416.1692512,509,1660222416,148350000,,59.300352206482756,18.73164390967463,7.736956770170646
1660222417.1675441,510,1660222417,148464918,,59.300353897843166,18.73164837942727,7.810502476512378
1660222418.1673717,511,1660222418,148634910,,59.300352498374764,18.73164904868429,7.813883486743879
1660222419.1723688,512,1660222419,149538993,,59.30035646405748,18.73164202637963,7.712224386667975
1660222420.1755874,513,1660222420,148376941,,59.300361692846806,18.731655730022,7.94518630983785
1660222421.168251,514,1660222421,148138046,,59.30035878373382,18.73165722238241,7.961047765333178
1660222422.1753013,515,1660222422,148191928,,59.300361685778824,18.731665015808858,8.097322874937191
1660222423.1651826,516,1660222423,148233890,,59.30036498491287,18.73167095479039,8.21090790996133
1660222424.1647584,517,1660222424,148133993,,59.300367019509494,18.731672733216556,8.23446998371113
1660222425.1694076,518,1660222425,148283004,,59.30036965304443,18.731679349471847,8.274100915511397
1660222426.16698,519,1660222426,148037910,,59.300367391177744,18.73167703025524,8.249257413598125
1660222427.165031,520,1660222427,149101972,,59.30035616663214,18.731647699757673,7.80805176787612
1660222428.1668065,521,1660222428,148104906,,59.30036531731501,18.73166603477057,8.1395037222371
1660222429.169199,522,1660222429,149226903,,59.30037037200445,18.731679315118868,8.280765729355887
1660222430.1682305,523,1660222430,148176908,,59.30037321560292,18.731689064771444,8.336627945050662
1660222431.1695116,524,1660222431,148350954,,59.30037585836321,18.731687395958716,8.357725593640328
1660222432.1675668,525,1660222432,148205041,,59.30037179400048,18.731693905717407,8.341665638898226
1660222433.1696193,526,1660222433,149593114,,59.30037032791754,18.731679242756172,8.28048859618582
1660222434.1758943,527,1660222434,148264884,,59.300369882303634,18.73167847075149,8.276088126596692
1660222435.171656,528,1660222435,148257017,,59.300373006262205,18.731684165684555,8.32003144870194
1660222436.168167,529,1660222436,149291038,,59.300373783431944,18.73168579116907,8.3311482130046
1660222437.1725354,530,1660222437,148380041,,59.30037181094429,18.731681945220885,8.302758006441053
1660222438.1657033,531,1660222438,149193048,,59.300368639267745,18.731670625194056,8.23897814065105
1660222439.1667027,532,1660222439,148236036,,59.30036808932583,18.731666047570343,8.158274498184245
1660222440.1773055,533,1660222440,149789094,,59.300374360646316,18.731685584851448,8.336784504198375
1660222441.171642,534,1660222441,148134946,,59.30037367457387,18.73168547005048,8.328929316510747
1660222442.1784096,535,1660222442,149180889,,59.30037511614422,18.731686445871446,8.344924186935229
1660222443.1803443,536,1660222443,149391889,,59.30037363729879,18.731670453945867,8.281218152376743
1660222444.1680453,537,1660222444,148139953,,59.300374446877576,18.731665103120577,8.180126315991794
1660222445.1726253,538,1660222445,148117065,,59.30037689796193,18.731665633835405,8.207511239225934
1660222446.1643765,539,1660222446,148049116,,59.30038176674815,18.731669370805548,8.326401883124753
1660222447.1717696,540,1660222447,148094892,,59.30038632536431,18.731667868258114,8.246540532790485
1660222448.172535,541,1660222448,148349046,,59.30038787179176,18.73167367548956,8.250773333336474
1660222449.1682277,542,1660222449,148987054,,59.300391579736846,18.73168012934923,8.108203189408318
1660222450.165012,543,1660222450,147815942,,59.30039432693315,18.731681918459913,7.991796702845905
1660222451.1620824,544,1660222451,147887945,,59.3003981811892,18.731687153443318,7.767213700513718
1660222452.168386,545,1660222452,148648023,,59.30040471232663,18.73168819987518,7.449677071402994
1660222453.1741164,546,1660222453,148102045,,59.3004075815419,18.731698009735965,7.101833447248813
1660222454.1666286,547,1660222454,148735046,,59.300404747834634,18.731700273084016,7.312941917725397
1660222455.1655967,548,1660222455,149312019,,59.30040823182753,18.731705265221535,7.220502888848981
1660222456.166529,549,1660222456,148191928,,59.3004111897583,18.73171108262727,7.192028380821601
1660222457.1754465,550,1660222457,148188114,,59.30041356355085,18.731715422216666,7.224019039285822
1660222458.1677833,551,1660222458,148616075,,59.300401573703844,18.731703646971823,7.570079353890744
1660222459.169505,552,1660222459,148658037,,59.30040297176709,18.731706600673192,7.554342692809311
1660222460.1636088,553,1660222460,147845029,,59.30040101078938,18.73169854924015,7.491419239536508
1660222461.1651142,554,1660222461,147823095,,59.30040174974754,18.73169918361873,7.461930112899296
1660222462.166891,555,1660222462,147828102,,59.30040033703654,18.731700852302538,7.581402879696263
1660222463.1689236,556,1660222463,148278951,,59.30040137988231,18.73170296205467,7.566386098856888
1660222464.1671648,557,1660222464,149533033,,59.30040190442929,18.73169647279599,7.421728339655175
1660222465.175531,558,1660222465,148248910,,59.300408868971836,18.731688407916863,7.248971063921715
1660222466.166547,559,1660222466,147912025,,59.30041275851765,18.731683971727534,7.213216599246654
1660222467.164445,560,1660222467,148266077,,59.30041596169067,18.731679758112477,7.175959069657376
1660222468.1715977,561,1660222468,148340940,,59.30041856317395,18.731674871862765,7.1481367826958655
1660222469.1683626,562,1660222469,147945880,,59.30042179067383,18.731670748680585,7.034473528372291
1660222470.164988,563,1660222470,148114919,,59.30043172660576,18.731645811354383,6.143502681271856
1660222471.175597,564,1660222471,148155927,,59.30044299757424,18.731618356351305,5.004792255108203
1660222472.1680431,565,1660222472,147993087,,59.3004510706033,18.731605485498335,4.644490792794609
1660222473.1757393,566,1660222473,148593902,,59.30046021093162,18.73160372189193,4.4719177372146355
1660222474.1704712,567,1660222474,148085117,,59.300467439944704,18.73160316604617,4.392055504398828
1660222475.1665025,568,1660222475,148106098,,59.3004747931221,18.731598228036546,4.294923846705947
1660222476.1675162,569,1660222476,148073911,,59.30048099329616,18.731594459075836,4.237576547479303
1660222477.1656823,570,1660222477,148190975,,59.30049151260515,18.73160422678575,4.402479523634307
1660222478.166105,571,1660222478,148212909,,59.300495788634294,18.731600092458848,4.244163999035725
1660222479.1750991,572,1660222479,148235082,,59.3005014149912,18.73161759934328,4.355563444080194
1660222480.1675076,573,1660222480,148134946,,59.30050166305101,18.731626786581387,4.567689404054302
1660222481.165069,574,1660222481,147953033,,59.30049977767152,18.731635859350035,4.848554627991097
1660222482.1681118,575,1660222482,147866964,,59.3005025198484,18.731642295975234,4.900631762632824
1660222483.1626844,576,1660222483,147711038,,59.30050640501784,18.731651147415846,4.9489624215104575
1660222484.168335,577,1660222484,148169994,,59.300500726540015,18.73163830467024,4.873401969788368
1660222485.175642,578,1660222485,148977994,,59.30050942717394,18.73163779717197,4.537163922578871
1660222486.1700869,579,1660222486,148535966,,59.30049655828407,18.731625572841494,4.695733251572558
1660222487.1687193,580,1660222487,148184061,,59.300498866931505,18.731633395760355,4.819748956310357
1660222488.1676245,581,1660222488,148240089,,59.30049977941862,18.731637383519228,4.887429091282805
1660222489.1761324,582,1660222489,148340940,,59.300501313144984,18.73164337507285,4.972666714005481
1660222490.177042,583,1660222490,148550033,,59.30050766331983,18.73166796944963,5.2760184633964275
1660222491.1691463,584,1660222491,151700973,,59.300517902209904,18.7317021108405,5.7574282292317305
1660222492.1682465,585,1660222492,148511886,,59.300520413799475,18.731713169458317,5.887093767646114
1660222493.1664872,586,1660222493,149189949,,59.30052242217935,18.73172446834326,6.0334676626767685
1660222494.1701767,587,1660222494,148605108,,59.30053219238464,18.7317381265359,6.052237089599309
1660222495.1716523,588,1660222495,148307085,,59.30052939420038,18.731722219620224,6.002704562862665
1660222496.168292,589,1660222496,148300886,,59.30053618603707,18.731736375074092,6.047181556168585
1660222497.168897,590,1660222497,149579048,,59.30053908753218,18.731744635790392,6.065155483250244
1660222498.1725087,591,1660222498,148320913,,59.30053748725122,18.731758354602334,6.171231794413764
1660222499.163422,592,1660222499,147945880,,59.30053488366529,18.731764504678495,6.255589224345626
1660222500.1704874,593,1660222500,147661924,,59.30053669847307,18.73178803782082,6.644787377094125
1660222501.1722832,594,1660222501,148164033,,59.30053099917667,18.731763338788824,6.239461466685586
1660222502.1690228,595,1660222502,148492097,,59.30053376288109,18.73177778856541,6.431556085223558
1660222503.175697,596,1660222503,148261070,,59.30052790039782,18.731745342371937,6.066354685361984
1660222504.1663845,597,1660222504,148164987,,59.30052697268364,18.731756045354928,6.1417723316354245
1660222505.1719713,598,1660222505,148097991,,59.30052349543052,18.73176666745212,6.285914379540314
1660222506.170634,599,1660222506,148183107,,59.30053111811159,18.731755255387498,6.1312946911000274
1660222507.167301,600,1660222507,148386001,,59.30052928590237,18.73176895043423,6.3167569452537755
1660222508.1654751,601,1660222508,148456096,,59.30053270185154,18.731763680213817,6.244431530155671
1660222509.1684163,602,1660222509,148197889,,59.30053189875166,18.731774378970158,6.386215700515455
1660222510.1690094,603,1660222510,148355007,,59.300533711649706,18.731764116151,6.249048274189525
1660222511.1679924,604,1660222511,148215055,,59.300530173334984,18.731761289384735,6.213245253514337
1660222512.1715183,605,1660222512,149550914,,59.3005295021467,18.73176144224385,6.213812304963098
1660222513.166373,606,1660222513,148989915,,59.300530325626596,18.73175931076321,6.184822755768207
1660222514.1717024,607,1660222514,148241996,,59.300530298846354,18.73175934888468,6.186236021141044
1660222515.1729603,608,1660222515,148134946,,59.300530350385685,18.73176359742729,6.244339497195131
1660222516.1691253,609,1660222516,148222923,,59.30052678292204,18.731772644107878,6.367759232356964
1660222517.1657462,610,1660222517,148233890,,59.30052261644943,18.731784999979368,6.596053354244473
1660222518.1782355,611,1660222518,148179054,,59.30051799074464,18.731797940151296,6.923926773687634
1660222519.175701,612,1660222519,148627042,,59.30052106369068,18.731786994369372,6.643338195364213
1660222520.1756155,613,1660222520,148166894,,59.300515022659695,18.731819311790446,7.662239634840237
1660222521.1683013,614,1660222521,148473024,,59.3005201032615,18.731817504494302,7.366284377607263
1660222522.1689293,615,1660222522,148530960,,59.300517233600765,18.73183474306734,7.909007447035071
1660222523.1714673,616,1660222523,148662090,,59.30051303749091,18.73184136346572,8.330866890816523
1660222524.1775732,617,1660222524,148291110,,59.30051191331142,18.73185153493705,8.617567130164298
1660222525.173693,618,1660222525,148130893,,59.300508126403145,18.731856566235592,8.893099930163904
1660222526.1668844,619,1660222526,148113965,,59.300505583288164,18.731864731964947,9.146340519393824
1660222527.1644974,620,1660222527,148282051,,59.300508507754316,18.731869325665343,9.123452806501811
1660222528.1675646,621,1660222528,148293972,,59.30050227082417,18.73186167846609,9.22618018467454
1660222529.1670933,622,1660222529,148226976,,59.30050060661132,18.731867140204713,9.371202033638745
1660222530.1664855,623,1660222530,148205041,,59.300503231444296,18.731873051214166,9.37196414997686
1660222531.167533,624,1660222531,148323059,,59.300502868978775,18.731878983763067,9.479525484106269
1660222532.1670492,625,1660222532,149439096,,59.30050334886563,18.7318809094578,9.496313948167941
1660222533.1682131,626,1660222533,148258924,,59.30050393742378,18.731881930522604,9.497513025734573
1660222534.1656337,627,1660222534,148169040,,59.30050396478765,18.731884145513618,9.53269778352537
1660222535.1701095,628,1660222535,148150920,,59.30050276268196,18.73189659136699,9.781054221661538
1660222536.1643784,629,1660222536,148377895,,59.30050191077104,18.731905326590322,9.946127103760691
1660222537.1668983,630,1660222537,148181915,,59.300504495822594,18.731902280482586,9.847761128307512
1660222538.1689677,631,1660222538,149817943,,59.3004996930478,18.731932858031996,10.335186143999396
1660222539.1679738,632,1660222539,148812055,,59.30050170410281,18.731913677643092,10.091076303995582
1660222540.1662877,633,1660222540,149375915,,59.300502748061525,18.73190606691867,9.946994164045242
1660222541.164848,634,1660222541,148389101,,59.300501570778884,18.731911714050852,10.06301653115328
1660222542.1693714,635,1660222542,148272991,,59.300500160246855,18.731912731099783,10.098767474794748
